"Trade Date","Product Code","Strike","Option Type","Contract Month","Market OI by Series"
"23-12-2016","A50","","","12/2016","438"
"23-12-2016","A50","","","01/2017","27"
"23-12-2016","A50","","","03/2017","7"
"23-12-2016","A50","","","06/2017","4"
"23-12-2016","ABC","","","03/2017","12"
"23-12-2016","ALC","","","12/2016","50"
"23-12-2016","ALC","","","01/2017","15"
"23-12-2016","AMC","","","12/2016","30"
"23-12-2016","AMC","","","02/2017","6"
"23-12-2016","AMC","","","03/2017","35"
"23-12-2016","BCL","","","12/2016","60"
"23-12-2016","BCL","","","01/2017","5"
"23-12-2016","BCL","","","03/2017","41"
"23-12-2016","BCL","","","06/2017","180"
"23-12-2016","BCM","","","01/2017","5"
"23-12-2016","BCM","","","06/2017","10"
"23-12-2016","BEA","","","01/2017","50"
"23-12-2016","BEA","","","06/2017","110"
"23-12-2016","BOC","","","12/2016","10"
"23-12-2016","BOC","","","02/2017","1"
"23-12-2016","CAU","","","01/2017","4"
"23-12-2016","CAU","","","03/2017","2"
"23-12-2016","CAU","","","06/2017","2"
"23-12-2016","CCB","","","12/2016","5"
"23-12-2016","CCB","","","01/2017","1"
"23-12-2016","CCB","","","03/2017","110"
"23-12-2016","CCB","","","06/2017","20"
"23-12-2016","CCC","","","12/2016","45"
"23-12-2016","CCC","","","01/2017","32"
"23-12-2016","CCC","","","03/2017","13"
"23-12-2016","CCC","","","06/2017","9"
"23-12-2016","CDA","","","12/2016","1"
"23-12-2016","CEU","","","01/2017","33"
"23-12-2016","CEU","","","02/2017","10"
"23-12-2016","CEU","","","03/2017","22"
"23-12-2016","CEU","","","06/2017","12"
"23-12-2016","CHHF","","","12/2016","6"
"23-12-2016","CHHF","","","01/2017","16"
"23-12-2016","CHT","","","12/2016","236"
"23-12-2016","CHT","","","01/2017","156"
"23-12-2016","CHT","","","02/2017","51"
"23-12-2016","CHT","","","03/2017","40"
"23-12-2016","CHT","","","06/2017","1"
"23-12-2016","CHU","","","12/2016","11"
"23-12-2016","CHU","","","01/2017","14"
"23-12-2016","CHU","","","03/2017","1"
"23-12-2016","CHU","","","06/2017","24"
"23-12-2016","CIT","","","12/2016","18"
"23-12-2016","CIT","","","01/2017","3"
"23-12-2016","CIT","","","06/2017","12"
"23-12-2016","CJP","","","01/2017","3"
"23-12-2016","CJP","","","03/2017","3"
"23-12-2016","CKH","","","12/2016","95"
"23-12-2016","CKH","","","01/2017","16"
"23-12-2016","CKH","","","02/2017","11"
"23-12-2016","CKH","","","03/2017","10"
"23-12-2016","CKH","","","06/2017","181"
"23-12-2016","CLI","","","12/2016","93"
"23-12-2016","CLI","","","01/2017","88"
"23-12-2016","CLI","","","02/2017","14"
"23-12-2016","CLI","","","03/2017","22"
"23-12-2016","CLI","","","06/2017","62"
"23-12-2016","CLP","","","12/2016","8"
"23-12-2016","CLP","","","01/2017","7"
"23-12-2016","CMB","","","12/2016","6"
"23-12-2016","CMB","","","01/2017","34"
"23-12-2016","CNC","","","12/2016","49"
"23-12-2016","CNC","","","01/2017","13"
"23-12-2016","CNC","","","02/2017","6"
"23-12-2016","CNC","","","03/2017","27"
"23-12-2016","CNC","","","06/2017","44"
"23-12-2016","CPA","","","12/2016","42"
"23-12-2016","CPA","","","01/2017","25"
"23-12-2016","CPC","","","12/2016","20"
"23-12-2016","CPC","","","01/2017","4"
"23-12-2016","CPC","","","02/2017","3"
"23-12-2016","CPC","","","03/2017","1"
"23-12-2016","CSA","","","12/2016","94"
"23-12-2016","CSA","","","01/2017","27"
"23-12-2016","CSA","","","02/2017","9"
"23-12-2016","CSA","","","03/2017","5"
"23-12-2016","CSE","","","12/2016","2"
"23-12-2016","CTB","","","03/2017","14"
"23-12-2016","CTC","","","12/2016","10"
"23-12-2016","CTC","","","01/2017","4"
"23-12-2016","CUS","","","01/2017","3538"
"23-12-2016","CUS","","","02/2017","676"
"23-12-2016","CUS","","","03/2017","11361"
"23-12-2016","CUS","","","04/2017","99"
"23-12-2016","CUS","","","06/2017","7625"
"23-12-2016","CUS","","","09/2017","8211"
"23-12-2016","CUS","","","12/2017","9189"
"23-12-2016","CUS","","","03/2018","3579"
"23-12-2016","DHH","","","12/2016","74579"
"23-12-2016","DHH","","","12/2017","70638"
"23-12-2016","DHH","","","12/2018","25261"
"23-12-2016","DHH","","","12/2019","9950"
"23-12-2016","DHH","","","12/2020","2010"
"23-12-2016","DHS","","","12/2016","3359"
"23-12-2016","DHS","","","12/2017","971"
"23-12-2016","DHS","","","12/2018","2550"
"23-12-2016","DHS","","","12/2019","501"
"23-12-2016","ESP","","","01/2017","7"
"23-12-2016","FIH","","","01/2017","19"
"23-12-2016","HB3F","","","09/2017","20"
"23-12-2016","HB3F","","","12/2017","20"
"23-12-2016","HEH","","","01/2017","4"
"23-12-2016","HEX","","","12/2016","379"
"23-12-2016","HEX","","","01/2017","129"
"23-12-2016","HEX","","","02/2017","43"
"23-12-2016","HEX","","","03/2017","56"
"23-12-2016","HEX","","","06/2017","178"
"23-12-2016","HHIF","","","12/2016","244713"
"23-12-2016","HHIF","","","01/2017","200889"
"23-12-2016","HHIF","","","03/2017","41277"
"23-12-2016","HHIF","","","06/2017","20059"
"23-12-2016","HHIO","2000","C","12/2016","10"
"23-12-2016","HHIO","2000","P","12/2016","17906"
"23-12-2016","HHIO","2200","P","12/2016","51"
"23-12-2016","HHIO","2800","C","12/2016","11"
"23-12-2016","HHIO","2800","P","12/2016","10901"
"23-12-2016","HHIO","3000","C","12/2016","2"
"23-12-2016","HHIO","3000","P","12/2016","501"
"23-12-2016","HHIO","3200","P","12/2016","14"
"23-12-2016","HHIO","3400","P","12/2016","38"
"23-12-2016","HHIO","3600","P","12/2016","55"
"23-12-2016","HHIO","3800","P","12/2016","71"
"23-12-2016","HHIO","4000","P","12/2016","33177"
"23-12-2016","HHIO","4900","P","12/2016","675"
"23-12-2016","HHIO","5000","P","12/2016","31576"
"23-12-2016","HHIO","5100","P","12/2016","137"
"23-12-2016","HHIO","5200","P","12/2016","195"
"23-12-2016","HHIO","5300","P","12/2016","57"
"23-12-2016","HHIO","5400","P","12/2016","160"
"23-12-2016","HHIO","5500","P","12/2016","107"
"23-12-2016","HHIO","5600","P","12/2016","7761"
"23-12-2016","HHIO","5700","P","12/2016","173"
"23-12-2016","HHIO","5800","P","12/2016","1513"
"23-12-2016","HHIO","5900","P","12/2016","225"
"23-12-2016","HHIO","6000","C","12/2016","26"
"23-12-2016","HHIO","6000","P","12/2016","83428"
"23-12-2016","HHIO","6100","P","12/2016","214"
"23-12-2016","HHIO","6200","C","12/2016","500"
"23-12-2016","HHIO","6200","P","12/2016","3756"
"23-12-2016","HHIO","6300","P","12/2016","538"
"23-12-2016","HHIO","6400","C","12/2016","620"
"23-12-2016","HHIO","6400","P","12/2016","5140"
"23-12-2016","HHIO","6500","C","12/2016","750"
"23-12-2016","HHIO","6500","P","12/2016","2750"
"23-12-2016","HHIO","6600","P","12/2016","10969"
"23-12-2016","HHIO","6700","P","12/2016","918"
"23-12-2016","HHIO","6800","P","12/2016","7333"
"23-12-2016","HHIO","6900","P","12/2016","359"
"23-12-2016","HHIO","7000","C","12/2016","500"
"23-12-2016","HHIO","7000","P","12/2016","26156"
"23-12-2016","HHIO","7100","P","12/2016","1553"
"23-12-2016","HHIO","7200","C","12/2016","1020"
"23-12-2016","HHIO","7200","P","12/2016","15910"
"23-12-2016","HHIO","7300","P","12/2016","481"
"23-12-2016","HHIO","7400","C","12/2016","802"
"23-12-2016","HHIO","7400","P","12/2016","24186"
"23-12-2016","HHIO","7500","P","12/2016","2150"
"23-12-2016","HHIO","7600","C","12/2016","5003"
"23-12-2016","HHIO","7600","P","12/2016","19359"
"23-12-2016","HHIO","7700","C","12/2016","30"
"23-12-2016","HHIO","7700","P","12/2016","587"
"23-12-2016","HHIO","7800","C","12/2016","12565"
"23-12-2016","HHIO","7800","P","12/2016","9627"
"23-12-2016","HHIO","7900","C","12/2016","959"
"23-12-2016","HHIO","7900","P","12/2016","2805"
"23-12-2016","HHIO","8000","C","12/2016","30815"
"23-12-2016","HHIO","8000","P","12/2016","51383"
"23-12-2016","HHIO","8200","C","12/2016","12699"
"23-12-2016","HHIO","8200","P","12/2016","15782"
"23-12-2016","HHIO","8400","C","12/2016","24178"
"23-12-2016","HHIO","8400","P","12/2016","31086"
"23-12-2016","HHIO","8600","C","12/2016","36117"
"23-12-2016","HHIO","8600","P","12/2016","28607"
"23-12-2016","HHIO","8800","C","12/2016","13858"
"23-12-2016","HHIO","8800","P","12/2016","28947"
"23-12-2016","HHIO","9000","C","12/2016","31436"
"23-12-2016","HHIO","9000","P","12/2016","40648"
"23-12-2016","HHIO","9200","C","12/2016","26726"
"23-12-2016","HHIO","9200","P","12/2016","38723"
"23-12-2016","HHIO","9400","C","12/2016","14240"
"23-12-2016","HHIO","9400","P","12/2016","17770"
"23-12-2016","HHIO","9600","C","12/2016","39049"
"23-12-2016","HHIO","9600","P","12/2016","37796"
"23-12-2016","HHIO","9800","C","12/2016","18285"
"23-12-2016","HHIO","9800","P","12/2016","11184"
"23-12-2016","HHIO","10000","C","12/2016","40877"
"23-12-2016","HHIO","10000","P","12/2016","29433"
"23-12-2016","HHIO","10200","C","12/2016","15347"
"23-12-2016","HHIO","10200","P","12/2016","531"
"23-12-2016","HHIO","10400","C","12/2016","26439"
"23-12-2016","HHIO","10400","P","12/2016","13374"
"23-12-2016","HHIO","10600","C","12/2016","20556"
"23-12-2016","HHIO","10600","P","12/2016","5"
"23-12-2016","HHIO","10800","C","12/2016","19339"
"23-12-2016","HHIO","10800","P","12/2016","12515"
"23-12-2016","HHIO","11000","C","12/2016","22718"
"23-12-2016","HHIO","11000","P","12/2016","3"
"23-12-2016","HHIO","11200","C","12/2016","19772"
"23-12-2016","HHIO","11200","P","12/2016","9650"
"23-12-2016","HHIO","11400","C","12/2016","5729"
"23-12-2016","HHIO","11600","C","12/2016","12786"
"23-12-2016","HHIO","11600","P","12/2016","6260"
"23-12-2016","HHIO","11800","C","12/2016","1187"
"23-12-2016","HHIO","12000","C","12/2016","23649"
"23-12-2016","HHIO","12000","P","12/2016","8350"
"23-12-2016","HHIO","12200","C","12/2016","209"
"23-12-2016","HHIO","12400","C","12/2016","214"
"23-12-2016","HHIO","12600","C","12/2016","8184"
"23-12-2016","HHIO","12600","P","12/2016","1334"
"23-12-2016","HHIO","12800","C","12/2016","10"
"23-12-2016","HHIO","13200","C","12/2016","13605"
"23-12-2016","HHIO","13200","P","12/2016","3575"
"23-12-2016","HHIO","13800","C","12/2016","13110"
"23-12-2016","HHIO","13800","P","12/2016","4599"
"23-12-2016","HHIO","14400","C","12/2016","5534"
"23-12-2016","HHIO","14400","P","12/2016","2356"
"23-12-2016","HHIO","15000","C","12/2016","6356"
"23-12-2016","HHIO","15000","P","12/2016","650"
"23-12-2016","HHIO","15800","C","12/2016","1489"
"23-12-2016","HHIO","16600","C","12/2016","3248"
"23-12-2016","HHIO","16600","P","12/2016","5"
"23-12-2016","HHIO","17400","C","12/2016","948"
"23-12-2016","HHIO","17400","P","12/2016","5"
"23-12-2016","HHIO","18200","C","12/2016","92"
"23-12-2016","HHIO","18200","P","12/2016","15"
"23-12-2016","HHIO","21000","C","12/2016","2461"
"23-12-2016","HHIO","21000","P","12/2016","176"
"23-12-2016","HHIO","6100","P","01/2017","113"
"23-12-2016","HHIO","6200","P","01/2017","147"
"23-12-2016","HHIO","6300","P","01/2017","1140"
"23-12-2016","HHIO","6400","P","01/2017","691"
"23-12-2016","HHIO","6500","P","01/2017","601"
"23-12-2016","HHIO","6600","C","01/2017","30"
"23-12-2016","HHIO","6600","P","01/2017","1876"
"23-12-2016","HHIO","6700","P","01/2017","237"
"23-12-2016","HHIO","6800","P","01/2017","285"
"23-12-2016","HHIO","6900","P","01/2017","567"
"23-12-2016","HHIO","7000","P","01/2017","301"
"23-12-2016","HHIO","7100","P","01/2017","320"
"23-12-2016","HHIO","7200","P","01/2017","280"
"23-12-2016","HHIO","7300","P","01/2017","159"
"23-12-2016","HHIO","7400","P","01/2017","305"
"23-12-2016","HHIO","7500","P","01/2017","113"
"23-12-2016","HHIO","7600","P","01/2017","341"
"23-12-2016","HHIO","7700","P","01/2017","365"
"23-12-2016","HHIO","7800","P","01/2017","1399"
"23-12-2016","HHIO","7900","P","01/2017","788"
"23-12-2016","HHIO","8000","P","01/2017","1830"
"23-12-2016","HHIO","8200","P","01/2017","3303"
"23-12-2016","HHIO","8400","P","01/2017","7084"
"23-12-2016","HHIO","8600","C","01/2017","1"
"23-12-2016","HHIO","8600","P","01/2017","6356"
"23-12-2016","HHIO","8800","C","01/2017","90"
"23-12-2016","HHIO","8800","P","01/2017","6580"
"23-12-2016","HHIO","9000","C","01/2017","273"
"23-12-2016","HHIO","9000","P","01/2017","18398"
"23-12-2016","HHIO","9200","C","01/2017","1782"
"23-12-2016","HHIO","9200","P","01/2017","9772"
"23-12-2016","HHIO","9400","C","01/2017","2927"
"23-12-2016","HHIO","9400","P","01/2017","4937"
"23-12-2016","HHIO","9600","C","01/2017","8023"
"23-12-2016","HHIO","9600","P","01/2017","9326"
"23-12-2016","HHIO","9800","C","01/2017","4384"
"23-12-2016","HHIO","9800","P","01/2017","2046"
"23-12-2016","HHIO","10000","C","01/2017","10794"
"23-12-2016","HHIO","10000","P","01/2017","780"
"23-12-2016","HHIO","10200","C","01/2017","4548"
"23-12-2016","HHIO","10200","P","01/2017","57"
"23-12-2016","HHIO","10400","C","01/2017","5646"
"23-12-2016","HHIO","10400","P","01/2017","1"
"23-12-2016","HHIO","10600","C","01/2017","8430"
"23-12-2016","HHIO","10800","C","01/2017","1244"
"23-12-2016","HHIO","11000","C","01/2017","1710"
"23-12-2016","HHIO","11200","C","01/2017","675"
"23-12-2016","HHIO","11400","C","01/2017","324"
"23-12-2016","HHIO","11600","C","01/2017","76"
"23-12-2016","HHIO","11800","C","01/2017","34"
"23-12-2016","HHIO","12000","C","01/2017","82"
"23-12-2016","HHIO","12200","C","01/2017","123"
"23-12-2016","HHIO","12400","C","01/2017","73"
"23-12-2016","HHIO","12800","C","01/2017","1"
"23-12-2016","HHIO","6100","P","02/2017","15"
"23-12-2016","HHIO","6500","P","02/2017","14"
"23-12-2016","HHIO","6800","P","02/2017","75"
"23-12-2016","HHIO","6900","P","02/2017","42"
"23-12-2016","HHIO","7000","P","02/2017","454"
"23-12-2016","HHIO","7100","P","02/2017","151"
"23-12-2016","HHIO","7200","P","02/2017","517"
"23-12-2016","HHIO","7300","P","02/2017","152"
"23-12-2016","HHIO","7400","P","02/2017","360"
"23-12-2016","HHIO","7500","P","02/2017","263"
"23-12-2016","HHIO","7600","P","02/2017","384"
"23-12-2016","HHIO","7700","P","02/2017","125"
"23-12-2016","HHIO","7800","P","02/2017","2092"
"23-12-2016","HHIO","7900","P","02/2017","174"
"23-12-2016","HHIO","8000","C","02/2017","2"
"23-12-2016","HHIO","8000","P","02/2017","1446"
"23-12-2016","HHIO","8200","P","02/2017","2129"
"23-12-2016","HHIO","8400","P","02/2017","1571"
"23-12-2016","HHIO","8600","P","02/2017","1352"
"23-12-2016","HHIO","8800","C","02/2017","100"
"23-12-2016","HHIO","8800","P","02/2017","2977"
"23-12-2016","HHIO","9000","C","02/2017","73"
"23-12-2016","HHIO","9000","P","02/2017","2822"
"23-12-2016","HHIO","9200","C","02/2017","540"
"23-12-2016","HHIO","9200","P","02/2017","2439"
"23-12-2016","HHIO","9400","C","02/2017","1547"
"23-12-2016","HHIO","9400","P","02/2017","4633"
"23-12-2016","HHIO","9600","C","02/2017","1646"
"23-12-2016","HHIO","9600","P","02/2017","1674"
"23-12-2016","HHIO","9800","C","02/2017","1239"
"23-12-2016","HHIO","9800","P","02/2017","916"
"23-12-2016","HHIO","10000","C","02/2017","1821"
"23-12-2016","HHIO","10000","P","02/2017","1357"
"23-12-2016","HHIO","10200","C","02/2017","1641"
"23-12-2016","HHIO","10200","P","02/2017","82"
"23-12-2016","HHIO","10400","C","02/2017","2137"
"23-12-2016","HHIO","10400","P","02/2017","7"
"23-12-2016","HHIO","10600","C","02/2017","1551"
"23-12-2016","HHIO","10600","P","02/2017","1"
"23-12-2016","HHIO","10800","C","02/2017","142"
"23-12-2016","HHIO","11000","C","02/2017","1039"
"23-12-2016","HHIO","11200","C","02/2017","50"
"23-12-2016","HHIO","11400","C","02/2017","14"
"23-12-2016","HHIO","11600","C","02/2017","8"
"23-12-2016","HHIO","4900","P","03/2017","51"
"23-12-2016","HHIO","5000","P","03/2017","137"
"23-12-2016","HHIO","5100","P","03/2017","24"
"23-12-2016","HHIO","5200","P","03/2017","2"
"23-12-2016","HHIO","5300","P","03/2017","153"
"23-12-2016","HHIO","5400","P","03/2017","12"
"23-12-2016","HHIO","5500","P","03/2017","3"
"23-12-2016","HHIO","5600","P","03/2017","5"
"23-12-2016","HHIO","5700","P","03/2017","3"
"23-12-2016","HHIO","5800","P","03/2017","421"
"23-12-2016","HHIO","5900","P","03/2017","4"
"23-12-2016","HHIO","6000","P","03/2017","26259"
"23-12-2016","HHIO","6100","P","03/2017","18"
"23-12-2016","HHIO","6200","P","03/2017","15"
"23-12-2016","HHIO","6300","P","03/2017","682"
"23-12-2016","HHIO","6400","P","03/2017","395"
"23-12-2016","HHIO","6500","P","03/2017","215"
"23-12-2016","HHIO","6600","P","03/2017","1135"
"23-12-2016","HHIO","6700","P","03/2017","169"
"23-12-2016","HHIO","6800","P","03/2017","559"
"23-12-2016","HHIO","6900","P","03/2017","7"
"23-12-2016","HHIO","7000","P","03/2017","7355"
"23-12-2016","HHIO","7100","P","03/2017","48"
"23-12-2016","HHIO","7200","P","03/2017","2763"
"23-12-2016","HHIO","7300","P","03/2017","137"
"23-12-2016","HHIO","7400","P","03/2017","2458"
"23-12-2016","HHIO","7500","P","03/2017","99"
"23-12-2016","HHIO","7600","P","03/2017","6950"
"23-12-2016","HHIO","7700","P","03/2017","167"
"23-12-2016","HHIO","7800","C","03/2017","61"
"23-12-2016","HHIO","7800","P","03/2017","3054"
"23-12-2016","HHIO","7900","P","03/2017","185"
"23-12-2016","HHIO","8000","C","03/2017","358"
"23-12-2016","HHIO","8000","P","03/2017","13939"
"23-12-2016","HHIO","8200","C","03/2017","2114"
"23-12-2016","HHIO","8200","P","03/2017","5253"
"23-12-2016","HHIO","8400","C","03/2017","1146"
"23-12-2016","HHIO","8400","P","03/2017","12322"
"23-12-2016","HHIO","8600","C","03/2017","725"
"23-12-2016","HHIO","8600","P","03/2017","9952"
"23-12-2016","HHIO","8800","C","03/2017","1116"
"23-12-2016","HHIO","8800","P","03/2017","10308"
"23-12-2016","HHIO","9000","C","03/2017","1945"
"23-12-2016","HHIO","9000","P","03/2017","12449"
"23-12-2016","HHIO","9200","C","03/2017","2187"
"23-12-2016","HHIO","9200","P","03/2017","8925"
"23-12-2016","HHIO","9400","C","03/2017","5706"
"23-12-2016","HHIO","9400","P","03/2017","10609"
"23-12-2016","HHIO","9600","C","03/2017","13879"
"23-12-2016","HHIO","9600","P","03/2017","15561"
"23-12-2016","HHIO","9800","C","03/2017","5634"
"23-12-2016","HHIO","9800","P","03/2017","6506"
"23-12-2016","HHIO","10000","C","03/2017","12512"
"23-12-2016","HHIO","10000","P","03/2017","4502"
"23-12-2016","HHIO","10200","C","03/2017","3044"
"23-12-2016","HHIO","10200","P","03/2017","303"
"23-12-2016","HHIO","10400","C","03/2017","8368"
"23-12-2016","HHIO","10400","P","03/2017","626"
"23-12-2016","HHIO","10600","C","03/2017","7514"
"23-12-2016","HHIO","10600","P","03/2017","2"
"23-12-2016","HHIO","10800","C","03/2017","7849"
"23-12-2016","HHIO","11000","C","03/2017","9409"
"23-12-2016","HHIO","11200","C","03/2017","4785"
"23-12-2016","HHIO","11200","P","03/2017","376"
"23-12-2016","HHIO","11400","C","03/2017","1257"
"23-12-2016","HHIO","11400","P","03/2017","350"
"23-12-2016","HHIO","11600","C","03/2017","2470"
"23-12-2016","HHIO","11800","C","03/2017","2996"
"23-12-2016","HHIO","12000","C","03/2017","2062"
"23-12-2016","HHIO","12200","C","03/2017","138"
"23-12-2016","HHIO","12400","C","03/2017","7086"
"23-12-2016","HHIO","12600","C","03/2017","101"
"23-12-2016","HHIO","13000","C","03/2017","100"
"23-12-2016","HHIO","13200","C","03/2017","2"
"23-12-2016","HHIO","5600","P","06/2017","377"
"23-12-2016","HHIO","5800","C","06/2017","2"
"23-12-2016","HHIO","5800","P","06/2017","25"
"23-12-2016","HHIO","5900","P","06/2017","54"
"23-12-2016","HHIO","6000","P","06/2017","4318"
"23-12-2016","HHIO","6100","P","06/2017","15"
"23-12-2016","HHIO","6200","P","06/2017","41"
"23-12-2016","HHIO","6300","P","06/2017","5"
"23-12-2016","HHIO","6400","P","06/2017","587"
"23-12-2016","HHIO","6500","P","06/2017","52"
"23-12-2016","HHIO","6600","C","06/2017","2"
"23-12-2016","HHIO","6600","P","06/2017","11"
"23-12-2016","HHIO","6700","P","06/2017","15"
"23-12-2016","HHIO","6800","P","06/2017","25"
"23-12-2016","HHIO","6900","P","06/2017","5"
"23-12-2016","HHIO","7000","P","06/2017","11717"
"23-12-2016","HHIO","7100","P","06/2017","28"
"23-12-2016","HHIO","7200","C","06/2017","990"
"23-12-2016","HHIO","7200","P","06/2017","3808"
"23-12-2016","HHIO","7300","P","06/2017","2"
"23-12-2016","HHIO","7400","C","06/2017","9"
"23-12-2016","HHIO","7400","P","06/2017","600"
"23-12-2016","HHIO","7500","P","06/2017","71"
"23-12-2016","HHIO","7600","P","06/2017","5201"
"23-12-2016","HHIO","7700","P","06/2017","8"
"23-12-2016","HHIO","7800","C","06/2017","600"
"23-12-2016","HHIO","7800","P","06/2017","7004"
"23-12-2016","HHIO","7900","P","06/2017","13"
"23-12-2016","HHIO","8000","C","06/2017","5675"
"23-12-2016","HHIO","8000","P","06/2017","10269"
"23-12-2016","HHIO","8200","P","06/2017","882"
"23-12-2016","HHIO","8400","C","06/2017","3965"
"23-12-2016","HHIO","8400","P","06/2017","13784"
"23-12-2016","HHIO","8600","C","06/2017","2"
"23-12-2016","HHIO","8600","P","06/2017","8146"
"23-12-2016","HHIO","8800","C","06/2017","3339"
"23-12-2016","HHIO","8800","P","06/2017","7117"
"23-12-2016","HHIO","9000","C","06/2017","7006"
"23-12-2016","HHIO","9000","P","06/2017","21349"
"23-12-2016","HHIO","9200","C","06/2017","4448"
"23-12-2016","HHIO","9200","P","06/2017","4184"
"23-12-2016","HHIO","9400","C","06/2017","8882"
"23-12-2016","HHIO","9400","P","06/2017","7903"
"23-12-2016","HHIO","9600","C","06/2017","27608"
"23-12-2016","HHIO","9600","P","06/2017","25592"
"23-12-2016","HHIO","9800","C","06/2017","6589"
"23-12-2016","HHIO","9800","P","06/2017","4070"
"23-12-2016","HHIO","10000","C","06/2017","9247"
"23-12-2016","HHIO","10000","P","06/2017","1800"
"23-12-2016","HHIO","10200","C","06/2017","2162"
"23-12-2016","HHIO","10200","P","06/2017","1"
"23-12-2016","HHIO","10400","C","06/2017","7473"
"23-12-2016","HHIO","10400","P","06/2017","1375"
"23-12-2016","HHIO","10600","C","06/2017","3631"
"23-12-2016","HHIO","10600","P","06/2017","27"
"23-12-2016","HHIO","10800","C","06/2017","8584"
"23-12-2016","HHIO","10800","P","06/2017","106"
"23-12-2016","HHIO","11000","C","06/2017","18603"
"23-12-2016","HHIO","11200","C","06/2017","9048"
"23-12-2016","HHIO","11200","P","06/2017","700"
"23-12-2016","HHIO","11400","C","06/2017","11308"
"23-12-2016","HHIO","11600","C","06/2017","5691"
"23-12-2016","HHIO","11800","C","06/2017","241"
"23-12-2016","HHIO","12000","C","06/2017","12001"
"23-12-2016","HHIO","12000","P","06/2017","206"
"23-12-2016","HHIO","12200","C","06/2017","78"
"23-12-2016","HHIO","12400","C","06/2017","153"
"23-12-2016","HHIO","12600","C","06/2017","187"
"23-12-2016","HHIO","12800","C","06/2017","3"
"23-12-2016","HHIO","13000","C","06/2017","1500"
"23-12-2016","HHIO","13000","P","06/2017","1"
"23-12-2016","HHIO","13200","C","06/2017","127"
"23-12-2016","HHIO","13200","P","06/2017","1"
"23-12-2016","HHIO","13800","C","06/2017","59"
"23-12-2016","HHIO","13800","P","06/2017","6"
"23-12-2016","HHIO","14400","C","06/2017","394"
"23-12-2016","HHIO","14400","P","06/2017","1"
"23-12-2016","HHIO","15000","C","06/2017","190"
"23-12-2016","HHIO","15800","C","06/2017","314"
"23-12-2016","HHIO","16600","C","06/2017","245"
"23-12-2016","HHIO","16600","P","06/2017","5"
"23-12-2016","HHIO","17400","C","06/2017","35"
"23-12-2016","HHIO","17400","P","06/2017","10"
"23-12-2016","HHIO","18200","C","06/2017","10"
"23-12-2016","HHIO","18200","P","06/2017","5"
"23-12-2016","HHIO","6100","C","09/2017","52"
"23-12-2016","HHIO","6100","P","09/2017","254"
"23-12-2016","HHIO","6200","P","09/2017","213"
"23-12-2016","HHIO","6300","P","09/2017","31"
"23-12-2016","HHIO","6400","P","09/2017","2"
"23-12-2016","HHIO","6500","P","09/2017","27"
"23-12-2016","HHIO","6600","P","09/2017","15"
"23-12-2016","HHIO","6700","P","09/2017","5"
"23-12-2016","HHIO","6800","P","09/2017","82"
"23-12-2016","HHIO","6900","P","09/2017","20"
"23-12-2016","HHIO","7000","P","09/2017","13"
"23-12-2016","HHIO","7500","P","09/2017","24"
"23-12-2016","HHIO","7600","P","09/2017","307"
"23-12-2016","HHIO","7700","P","09/2017","10"
"23-12-2016","HHIO","7800","P","09/2017","1120"
"23-12-2016","HHIO","7900","P","09/2017","5"
"23-12-2016","HHIO","8000","P","09/2017","461"
"23-12-2016","HHIO","8200","P","09/2017","609"
"23-12-2016","HHIO","8400","P","09/2017","1382"
"23-12-2016","HHIO","8600","P","09/2017","1548"
"23-12-2016","HHIO","8800","P","09/2017","1313"
"23-12-2016","HHIO","9000","C","09/2017","115"
"23-12-2016","HHIO","9000","P","09/2017","1753"
"23-12-2016","HHIO","9200","C","09/2017","350"
"23-12-2016","HHIO","9200","P","09/2017","2447"
"23-12-2016","HHIO","9400","C","09/2017","1900"
"23-12-2016","HHIO","9400","P","09/2017","2035"
"23-12-2016","HHIO","9600","C","09/2017","1251"
"23-12-2016","HHIO","9600","P","09/2017","1657"
"23-12-2016","HHIO","9800","C","09/2017","1000"
"23-12-2016","HHIO","9800","P","09/2017","1005"
"23-12-2016","HHIO","10000","C","09/2017","1840"
"23-12-2016","HHIO","10000","P","09/2017","331"
"23-12-2016","HHIO","10200","C","09/2017","250"
"23-12-2016","HHIO","10200","P","09/2017","4"
"23-12-2016","HHIO","10400","C","09/2017","225"
"23-12-2016","HHIO","10400","P","09/2017","5"
"23-12-2016","HHIO","10600","C","09/2017","275"
"23-12-2016","HHIO","10600","P","09/2017","6"
"23-12-2016","HHIO","10800","C","09/2017","55"
"23-12-2016","HHIO","11000","C","09/2017","260"
"23-12-2016","HHIO","11200","C","09/2017","2"
"23-12-2016","HHIO","11400","C","09/2017","519"
"23-12-2016","HHIO","11600","C","09/2017","109"
"23-12-2016","HHIO","11800","C","09/2017","16"
"23-12-2016","HHIO","12000","C","09/2017","5"
"23-12-2016","HHIO","12400","C","09/2017","19"
"23-12-2016","HHIO","12600","C","09/2017","3"
"23-12-2016","HHIO","12800","C","09/2017","29"
"23-12-2016","HHIO","3000","P","12/2017","329"
"23-12-2016","HHIO","4000","P","12/2017","111"
"23-12-2016","HHIO","5000","P","12/2017","16250"
"23-12-2016","HHIO","5200","P","12/2017","10"
"23-12-2016","HHIO","5400","P","12/2017","6"
"23-12-2016","HHIO","5600","P","12/2017","421"
"23-12-2016","HHIO","5800","P","12/2017","5"
"23-12-2016","HHIO","6000","C","12/2017","100"
"23-12-2016","HHIO","6000","P","12/2017","9955"
"23-12-2016","HHIO","6200","P","12/2017","2300"
"23-12-2016","HHIO","6400","C","12/2017","806"
"23-12-2016","HHIO","6400","P","12/2017","3697"
"23-12-2016","HHIO","6600","P","12/2017","3232"
"23-12-2016","HHIO","6800","P","12/2017","1031"
"23-12-2016","HHIO","7000","C","12/2017","4000"
"23-12-2016","HHIO","7000","P","12/2017","17347"
"23-12-2016","HHIO","7200","C","12/2017","2876"
"23-12-2016","HHIO","7200","P","12/2017","52345"
"23-12-2016","HHIO","7400","C","12/2017","1290"
"23-12-2016","HHIO","7400","P","12/2017","16644"
"23-12-2016","HHIO","7600","C","12/2017","6459"
"23-12-2016","HHIO","7600","P","12/2017","16917"
"23-12-2016","HHIO","7800","C","12/2017","2900"
"23-12-2016","HHIO","7800","P","12/2017","10250"
"23-12-2016","HHIO","7900","P","12/2017","300"
"23-12-2016","HHIO","8000","C","12/2017","15945"
"23-12-2016","HHIO","8000","P","12/2017","38306"
"23-12-2016","HHIO","8200","P","12/2017","50"
"23-12-2016","HHIO","8400","C","12/2017","26671"
"23-12-2016","HHIO","8400","P","12/2017","37280"
"23-12-2016","HHIO","8600","P","12/2017","200"
"23-12-2016","HHIO","8800","C","12/2017","27198"
"23-12-2016","HHIO","8800","P","12/2017","78576"
"23-12-2016","HHIO","9000","C","12/2017","3000"
"23-12-2016","HHIO","9000","P","12/2017","3000"
"23-12-2016","HHIO","9200","C","12/2017","33488"
"23-12-2016","HHIO","9200","P","12/2017","47492"
"23-12-2016","HHIO","9400","C","12/2017","10675"
"23-12-2016","HHIO","9400","P","12/2017","9875"
"23-12-2016","HHIO","9600","C","12/2017","44162"
"23-12-2016","HHIO","9600","P","12/2017","47089"
"23-12-2016","HHIO","9800","C","12/2017","6300"
"23-12-2016","HHIO","9800","P","12/2017","4483"
"23-12-2016","HHIO","10000","C","12/2017","36980"
"23-12-2016","HHIO","10000","P","12/2017","25832"
"23-12-2016","HHIO","10200","C","12/2017","400"
"23-12-2016","HHIO","10400","C","12/2017","13729"
"23-12-2016","HHIO","10400","P","12/2017","21850"
"23-12-2016","HHIO","10600","P","12/2017","2"
"23-12-2016","HHIO","10800","C","12/2017","17831"
"23-12-2016","HHIO","10800","P","12/2017","8506"
"23-12-2016","HHIO","11000","C","12/2017","35"
"23-12-2016","HHIO","11200","C","12/2017","21471"
"23-12-2016","HHIO","11200","P","12/2017","5342"
"23-12-2016","HHIO","11400","C","12/2017","252"
"23-12-2016","HHIO","11600","C","12/2017","16161"
"23-12-2016","HHIO","11600","P","12/2017","1800"
"23-12-2016","HHIO","11800","C","12/2017","611"
"23-12-2016","HHIO","12000","C","12/2017","18565"
"23-12-2016","HHIO","12000","P","12/2017","1702"
"23-12-2016","HHIO","12600","C","12/2017","5904"
"23-12-2016","HHIO","12600","P","12/2017","1100"
"23-12-2016","HHIO","13200","C","12/2017","3846"
"23-12-2016","HHIO","13800","C","12/2017","29564"
"23-12-2016","HHIO","14400","C","12/2017","4245"
"23-12-2016","HHIO","15000","C","12/2017","10929"
"23-12-2016","HHIO","15800","C","12/2017","1651"
"23-12-2016","HHIO","6000","P","06/2018","150"
"23-12-2016","HHIO","6200","P","06/2018","1050"
"23-12-2016","HHIO","6400","C","06/2018","400"
"23-12-2016","HHIO","6600","P","06/2018","100"
"23-12-2016","HHIO","6800","P","06/2018","3352"
"23-12-2016","HHIO","7000","C","06/2018","2250"
"23-12-2016","HHIO","7000","P","06/2018","11017"
"23-12-2016","HHIO","7200","C","06/2018","2250"
"23-12-2016","HHIO","7200","P","06/2018","8383"
"23-12-2016","HHIO","7400","P","06/2018","1700"
"23-12-2016","HHIO","7600","P","06/2018","6754"
"23-12-2016","HHIO","7800","P","06/2018","925"
"23-12-2016","HHIO","8000","C","06/2018","5625"
"23-12-2016","HHIO","8000","P","06/2018","15848"
"23-12-2016","HHIO","8400","C","06/2018","8295"
"23-12-2016","HHIO","8400","P","06/2018","14961"
"23-12-2016","HHIO","8800","C","06/2018","11460"
"23-12-2016","HHIO","8800","P","06/2018","11695"
"23-12-2016","HHIO","9200","C","06/2018","12390"
"23-12-2016","HHIO","9200","P","06/2018","16565"
"23-12-2016","HHIO","9600","C","06/2018","26385"
"23-12-2016","HHIO","9600","P","06/2018","30459"
"23-12-2016","HHIO","10000","C","06/2018","7056"
"23-12-2016","HHIO","10000","P","06/2018","2450"
"23-12-2016","HHIO","10400","C","06/2018","3652"
"23-12-2016","HHIO","10800","C","06/2018","8600"
"23-12-2016","HHIO","11200","C","06/2018","8352"
"23-12-2016","HHIO","11200","P","06/2018","2300"
"23-12-2016","HHIO","11600","C","06/2018","6367"
"23-12-2016","HHIO","11600","P","06/2018","3600"
"23-12-2016","HHIO","12000","C","06/2018","14400"
"23-12-2016","HHIO","12600","C","06/2018","4053"
"23-12-2016","HHIO","13200","C","06/2018","4000"
"23-12-2016","HHIO","13800","C","06/2018","3000"
"23-12-2016","HHIO","6600","P","12/2018","1120"
"23-12-2016","HHIO","7000","P","12/2018","665"
"23-12-2016","HHIO","7200","P","12/2018","7575"
"23-12-2016","HHIO","7400","C","12/2018","200"
"23-12-2016","HHIO","7400","P","12/2018","4800"
"23-12-2016","HHIO","7600","P","12/2018","5500"
"23-12-2016","HHIO","7800","P","12/2018","800"
"23-12-2016","HHIO","8000","C","12/2018","100"
"23-12-2016","HHIO","8000","P","12/2018","12151"
"23-12-2016","HHIO","8400","C","12/2018","1553"
"23-12-2016","HHIO","8400","P","12/2018","3660"
"23-12-2016","HHIO","8800","C","12/2018","3953"
"23-12-2016","HHIO","8800","P","12/2018","3700"
"23-12-2016","HHIO","9200","C","12/2018","7452"
"23-12-2016","HHIO","9200","P","12/2018","9453"
"23-12-2016","HHIO","9600","C","12/2018","12364"
"23-12-2016","HHIO","9600","P","12/2018","11028"
"23-12-2016","HHIO","10000","C","12/2018","2642"
"23-12-2016","HHIO","10000","P","12/2018","2825"
"23-12-2016","HHIO","10400","C","12/2018","50"
"23-12-2016","HHIO","10800","C","12/2018","5664"
"23-12-2016","HHIO","11200","C","12/2018","14925"
"23-12-2016","HHIO","11200","P","12/2018","1400"
"23-12-2016","HHIO","11600","C","12/2018","5041"
"23-12-2016","HHIO","12000","C","12/2018","1347"
"23-12-2016","HHIO","12600","C","12/2018","2500"
"23-12-2016","HHIO","10000","C","06/2019","34"
"23-12-2016","HHIO","11200","C","06/2019","40"
"23-12-2016","HHIO","11600","C","06/2019","35"
"23-12-2016","HHIO","12000","C","06/2019","173"
"23-12-2016","HKB","","","12/2016","77"
"23-12-2016","HKB","","","01/2017","60"
"23-12-2016","HKB","","","02/2017","120"
"23-12-2016","HKB","","","03/2017","93"
"23-12-2016","HKB","","","06/2017","30"
"23-12-2016","HKG","","","12/2016","2"
"23-12-2016","HKG","","","01/2017","11"
"23-12-2016","HLD","","","12/2016","1"
"23-12-2016","HLD","","","02/2017","4"
"23-12-2016","HLD","","","03/2017","3"
"23-12-2016","HNP","","","12/2016","5"
"23-12-2016","HNP","","","02/2017","10"
"23-12-2016","HNP","","","03/2017","101"
"23-12-2016","HNP","","","06/2017","17"
"23-12-2016","HSB","","","12/2016","57"
"23-12-2016","HSB","","","01/2017","4"
"23-12-2016","HSIF","","","12/2016","70568"
"23-12-2016","HSIF","","","01/2017","79628"
"23-12-2016","HSIF","","","03/2017","7538"
"23-12-2016","HSIF","","","06/2017","2638"
"23-12-2016","HSIO","10000","C","12/2016","220"
"23-12-2016","HSIO","10000","P","12/2016","1539"
"23-12-2016","HSIO","11000","P","12/2016","594"
"23-12-2016","HSIO","11800","P","12/2016","511"
"23-12-2016","HSIO","12000","C","12/2016","5"
"23-12-2016","HSIO","12000","P","12/2016","228"
"23-12-2016","HSIO","12200","P","12/2016","131"
"23-12-2016","HSIO","12400","P","12/2016","184"
"23-12-2016","HSIO","12600","P","12/2016","291"
"23-12-2016","HSIO","12800","P","12/2016","99"
"23-12-2016","HSIO","13000","P","12/2016","352"
"23-12-2016","HSIO","13200","P","12/2016","402"
"23-12-2016","HSIO","13400","P","12/2016","281"
"23-12-2016","HSIO","13600","P","12/2016","106"
"23-12-2016","HSIO","13800","P","12/2016","236"
"23-12-2016","HSIO","14000","P","12/2016","819"
"23-12-2016","HSIO","14200","P","12/2016","111"
"23-12-2016","HSIO","14400","P","12/2016","185"
"23-12-2016","HSIO","14600","P","12/2016","206"
"23-12-2016","HSIO","14800","P","12/2016","179"
"23-12-2016","HSIO","15000","C","12/2016","10"
"23-12-2016","HSIO","15000","P","12/2016","3948"
"23-12-2016","HSIO","15200","P","12/2016","453"
"23-12-2016","HSIO","15400","P","12/2016","105"
"23-12-2016","HSIO","15600","C","12/2016","5"
"23-12-2016","HSIO","15600","P","12/2016","270"
"23-12-2016","HSIO","15800","C","12/2016","10"
"23-12-2016","HSIO","15800","P","12/2016","2302"
"23-12-2016","HSIO","16000","C","12/2016","210"
"23-12-2016","HSIO","16000","P","12/2016","1448"
"23-12-2016","HSIO","16200","C","12/2016","2"
"23-12-2016","HSIO","16200","P","12/2016","252"
"23-12-2016","HSIO","16400","C","12/2016","5"
"23-12-2016","HSIO","16400","P","12/2016","815"
"23-12-2016","HSIO","16600","C","12/2016","30"
"23-12-2016","HSIO","16600","P","12/2016","457"
"23-12-2016","HSIO","16800","C","12/2016","5"
"23-12-2016","HSIO","16800","P","12/2016","1409"
"23-12-2016","HSIO","17000","C","12/2016","16"
"23-12-2016","HSIO","17000","P","12/2016","6156"
"23-12-2016","HSIO","17200","P","12/2016","617"
"23-12-2016","HSIO","17400","C","12/2016","20"
"23-12-2016","HSIO","17400","P","12/2016","2720"
"23-12-2016","HSIO","17600","P","12/2016","1574"
"23-12-2016","HSIO","17800","P","12/2016","1269"
"23-12-2016","HSIO","18000","P","12/2016","5669"
"23-12-2016","HSIO","18200","C","12/2016","10"
"23-12-2016","HSIO","18200","P","12/2016","3773"
"23-12-2016","HSIO","18400","C","12/2016","5"
"23-12-2016","HSIO","18400","P","12/2016","4857"
"23-12-2016","HSIO","18600","P","12/2016","2279"
"23-12-2016","HSIO","18800","C","12/2016","780"
"23-12-2016","HSIO","18800","P","12/2016","1748"
"23-12-2016","HSIO","19000","C","12/2016","1041"
"23-12-2016","HSIO","19000","P","12/2016","5478"
"23-12-2016","HSIO","19200","C","12/2016","1569"
"23-12-2016","HSIO","19200","P","12/2016","2333"
"23-12-2016","HSIO","19400","C","12/2016","1864"
"23-12-2016","HSIO","19400","P","12/2016","3757"
"23-12-2016","HSIO","19600","C","12/2016","309"
"23-12-2016","HSIO","19600","P","12/2016","2849"
"23-12-2016","HSIO","19800","C","12/2016","664"
"23-12-2016","HSIO","19800","P","12/2016","3419"
"23-12-2016","HSIO","20000","C","12/2016","3783"
"23-12-2016","HSIO","20000","P","12/2016","7301"
"23-12-2016","HSIO","20200","C","12/2016","706"
"23-12-2016","HSIO","20200","P","12/2016","3478"
"23-12-2016","HSIO","20400","C","12/2016","1055"
"23-12-2016","HSIO","20400","P","12/2016","2666"
"23-12-2016","HSIO","20600","C","12/2016","836"
"23-12-2016","HSIO","20600","P","12/2016","3344"
"23-12-2016","HSIO","20800","C","12/2016","730"
"23-12-2016","HSIO","20800","P","12/2016","3114"
"23-12-2016","HSIO","21000","C","12/2016","1637"
"23-12-2016","HSIO","21000","P","12/2016","4989"
"23-12-2016","HSIO","21200","C","12/2016","1040"
"23-12-2016","HSIO","21200","P","12/2016","3790"
"23-12-2016","HSIO","21400","C","12/2016","2111"
"23-12-2016","HSIO","21400","P","12/2016","3844"
"23-12-2016","HSIO","21600","C","12/2016","1502"
"23-12-2016","HSIO","21600","P","12/2016","3527"
"23-12-2016","HSIO","21800","C","12/2016","2347"
"23-12-2016","HSIO","21800","P","12/2016","2236"
"23-12-2016","HSIO","22000","C","12/2016","6043"
"23-12-2016","HSIO","22000","P","12/2016","6693"
"23-12-2016","HSIO","22200","C","12/2016","2202"
"23-12-2016","HSIO","22200","P","12/2016","2861"
"23-12-2016","HSIO","22400","C","12/2016","3027"
"23-12-2016","HSIO","22400","P","12/2016","2700"
"23-12-2016","HSIO","22600","C","12/2016","4427"
"23-12-2016","HSIO","22600","P","12/2016","2820"
"23-12-2016","HSIO","22800","C","12/2016","2574"
"23-12-2016","HSIO","22800","P","12/2016","2720"
"23-12-2016","HSIO","23000","C","12/2016","6875"
"23-12-2016","HSIO","23000","P","12/2016","3035"
"23-12-2016","HSIO","23200","C","12/2016","1902"
"23-12-2016","HSIO","23200","P","12/2016","652"
"23-12-2016","HSIO","23400","C","12/2016","3208"
"23-12-2016","HSIO","23400","P","12/2016","1528"
"23-12-2016","HSIO","23600","C","12/2016","3946"
"23-12-2016","HSIO","23600","P","12/2016","750"
"23-12-2016","HSIO","23800","C","12/2016","3016"
"23-12-2016","HSIO","23800","P","12/2016","31"
"23-12-2016","HSIO","24000","C","12/2016","4959"
"23-12-2016","HSIO","24000","P","12/2016","1332"
"23-12-2016","HSIO","24200","C","12/2016","1893"
"23-12-2016","HSIO","24200","P","12/2016","28"
"23-12-2016","HSIO","24400","C","12/2016","1854"
"23-12-2016","HSIO","24400","P","12/2016","20"
"23-12-2016","HSIO","24600","C","12/2016","2304"
"23-12-2016","HSIO","24600","P","12/2016","14"
"23-12-2016","HSIO","24800","C","12/2016","3821"
"23-12-2016","HSIO","24800","P","12/2016","6"
"23-12-2016","HSIO","25000","C","12/2016","5266"
"23-12-2016","HSIO","25000","P","12/2016","395"
"23-12-2016","HSIO","25200","C","12/2016","741"
"23-12-2016","HSIO","25200","P","12/2016","16"
"23-12-2016","HSIO","25400","C","12/2016","350"
"23-12-2016","HSIO","25400","P","12/2016","17"
"23-12-2016","HSIO","25600","C","12/2016","442"
"23-12-2016","HSIO","25600","P","12/2016","8"
"23-12-2016","HSIO","25800","C","12/2016","389"
"23-12-2016","HSIO","25800","P","12/2016","18"
"23-12-2016","HSIO","26000","C","12/2016","1171"
"23-12-2016","HSIO","26000","P","12/2016","257"
"23-12-2016","HSIO","26200","C","12/2016","225"
"23-12-2016","HSIO","26400","C","12/2016","241"
"23-12-2016","HSIO","26600","C","12/2016","233"
"23-12-2016","HSIO","26800","C","12/2016","84"
"23-12-2016","HSIO","26800","P","12/2016","5"
"23-12-2016","HSIO","27000","C","12/2016","991"
"23-12-2016","HSIO","27000","P","12/2016","450"
"23-12-2016","HSIO","27200","C","12/2016","361"
"23-12-2016","HSIO","27200","P","12/2016","5"
"23-12-2016","HSIO","27400","C","12/2016","136"
"23-12-2016","HSIO","27600","C","12/2016","135"
"23-12-2016","HSIO","27800","C","12/2016","60"
"23-12-2016","HSIO","28000","C","12/2016","984"
"23-12-2016","HSIO","28000","P","12/2016","256"
"23-12-2016","HSIO","28200","C","12/2016","1"
"23-12-2016","HSIO","28400","C","12/2016","50"
"23-12-2016","HSIO","28600","C","12/2016","52"
"23-12-2016","HSIO","29000","C","12/2016","110"
"23-12-2016","HSIO","29200","C","12/2016","125"
"23-12-2016","HSIO","29400","C","12/2016","52"
"23-12-2016","HSIO","29600","C","12/2016","24"
"23-12-2016","HSIO","29800","C","12/2016","42"
"23-12-2016","HSIO","30000","C","12/2016","601"
"23-12-2016","HSIO","30200","C","12/2016","11"
"23-12-2016","HSIO","30400","C","12/2016","5"
"23-12-2016","HSIO","30800","C","12/2016","16"
"23-12-2016","HSIO","31000","C","12/2016","135"
"23-12-2016","HSIO","31200","C","12/2016","2"
"23-12-2016","HSIO","31400","C","12/2016","4"
"23-12-2016","HSIO","32000","C","12/2016","62"
"23-12-2016","HSIO","32000","P","12/2016","5"
"23-12-2016","HSIO","33000","C","12/2016","127"
"23-12-2016","HSIO","33000","P","12/2016","17"
"23-12-2016","HSIO","34000","C","12/2016","211"
"23-12-2016","HSIO","34000","P","12/2016","91"
"23-12-2016","HSIO","35000","C","12/2016","144"
"23-12-2016","HSIO","35000","P","12/2016","20"
"23-12-2016","HSIO","36000","C","12/2016","96"
"23-12-2016","HSIO","36000","P","12/2016","20"
"23-12-2016","HSIO","37000","C","12/2016","1"
"23-12-2016","HSIO","39000","P","12/2016","5"
"23-12-2016","HSIO","40000","C","12/2016","25"
"23-12-2016","HSIO","40000","P","12/2016","10"
"23-12-2016","HSIO","14800","P","01/2017","4"
"23-12-2016","HSIO","15000","P","01/2017","2"
"23-12-2016","HSIO","15200","P","01/2017","22"
"23-12-2016","HSIO","15400","P","01/2017","1"
"23-12-2016","HSIO","15600","P","01/2017","67"
"23-12-2016","HSIO","15800","P","01/2017","15"
"23-12-2016","HSIO","16000","P","01/2017","82"
"23-12-2016","HSIO","16200","P","01/2017","30"
"23-12-2016","HSIO","16400","P","01/2017","89"
"23-12-2016","HSIO","16600","P","01/2017","69"
"23-12-2016","HSIO","16800","P","01/2017","198"
"23-12-2016","HSIO","17000","P","01/2017","232"
"23-12-2016","HSIO","17200","P","01/2017","127"
"23-12-2016","HSIO","17400","P","01/2017","143"
"23-12-2016","HSIO","17600","P","01/2017","345"
"23-12-2016","HSIO","17800","P","01/2017","215"
"23-12-2016","HSIO","18000","P","01/2017","611"
"23-12-2016","HSIO","18200","P","01/2017","1174"
"23-12-2016","HSIO","18400","P","01/2017","515"
"23-12-2016","HSIO","18600","P","01/2017","387"
"23-12-2016","HSIO","18800","P","01/2017","631"
"23-12-2016","HSIO","19000","P","01/2017","1263"
"23-12-2016","HSIO","19200","P","01/2017","937"
"23-12-2016","HSIO","19400","P","01/2017","1322"
"23-12-2016","HSIO","19600","P","01/2017","490"
"23-12-2016","HSIO","19800","C","01/2017","1"
"23-12-2016","HSIO","19800","P","01/2017","799"
"23-12-2016","HSIO","20000","C","01/2017","15"
"23-12-2016","HSIO","20000","P","01/2017","3324"
"23-12-2016","HSIO","20200","P","01/2017","638"
"23-12-2016","HSIO","20400","P","01/2017","937"
"23-12-2016","HSIO","20600","P","01/2017","862"
"23-12-2016","HSIO","20800","C","01/2017","2"
"23-12-2016","HSIO","20800","P","01/2017","667"
"23-12-2016","HSIO","21000","C","01/2017","1"
"23-12-2016","HSIO","21000","P","01/2017","3159"
"23-12-2016","HSIO","21200","C","01/2017","78"
"23-12-2016","HSIO","21200","P","01/2017","2383"
"23-12-2016","HSIO","21400","C","01/2017","222"
"23-12-2016","HSIO","21400","P","01/2017","2242"
"23-12-2016","HSIO","21600","C","01/2017","482"
"23-12-2016","HSIO","21600","P","01/2017","4182"
"23-12-2016","HSIO","21800","C","01/2017","631"
"23-12-2016","HSIO","21800","P","01/2017","1413"
"23-12-2016","HSIO","22000","C","01/2017","1453"
"23-12-2016","HSIO","22000","P","01/2017","2126"
"23-12-2016","HSIO","22200","C","01/2017","1015"
"23-12-2016","HSIO","22200","P","01/2017","634"
"23-12-2016","HSIO","22400","C","01/2017","936"
"23-12-2016","HSIO","22400","P","01/2017","778"
"23-12-2016","HSIO","22600","C","01/2017","1187"
"23-12-2016","HSIO","22600","P","01/2017","1157"
"23-12-2016","HSIO","22800","C","01/2017","744"
"23-12-2016","HSIO","22800","P","01/2017","428"
"23-12-2016","HSIO","23000","C","01/2017","2262"
"23-12-2016","HSIO","23000","P","01/2017","100"
"23-12-2016","HSIO","23200","C","01/2017","620"
"23-12-2016","HSIO","23200","P","01/2017","105"
"23-12-2016","HSIO","23400","C","01/2017","802"
"23-12-2016","HSIO","23400","P","01/2017","17"
"23-12-2016","HSIO","23600","C","01/2017","621"
"23-12-2016","HSIO","23600","P","01/2017","8"
"23-12-2016","HSIO","23800","C","01/2017","976"
"23-12-2016","HSIO","23800","P","01/2017","3"
"23-12-2016","HSIO","24000","C","01/2017","1079"
"23-12-2016","HSIO","24000","P","01/2017","1"
"23-12-2016","HSIO","24200","C","01/2017","738"
"23-12-2016","HSIO","24400","C","01/2017","635"
"23-12-2016","HSIO","24400","P","01/2017","2"
"23-12-2016","HSIO","24600","C","01/2017","274"
"23-12-2016","HSIO","24600","P","01/2017","9"
"23-12-2016","HSIO","24800","C","01/2017","201"
"23-12-2016","HSIO","25000","C","01/2017","464"
"23-12-2016","HSIO","25000","P","01/2017","6"
"23-12-2016","HSIO","25200","C","01/2017","368"
"23-12-2016","HSIO","25400","C","01/2017","94"
"23-12-2016","HSIO","25600","C","01/2017","223"
"23-12-2016","HSIO","25800","C","01/2017","144"
"23-12-2016","HSIO","26000","C","01/2017","138"
"23-12-2016","HSIO","26000","P","01/2017","8"
"23-12-2016","HSIO","26200","C","01/2017","209"
"23-12-2016","HSIO","26400","C","01/2017","65"
"23-12-2016","HSIO","26600","C","01/2017","25"
"23-12-2016","HSIO","26800","C","01/2017","95"
"23-12-2016","HSIO","27000","C","01/2017","46"
"23-12-2016","HSIO","27200","C","01/2017","23"
"23-12-2016","HSIO","27400","C","01/2017","12"
"23-12-2016","HSIO","27600","C","01/2017","6"
"23-12-2016","HSIO","14800","P","02/2017","40"
"23-12-2016","HSIO","15000","P","02/2017","4"
"23-12-2016","HSIO","15200","P","02/2017","5"
"23-12-2016","HSIO","15400","P","02/2017","10"
"23-12-2016","HSIO","15600","P","02/2017","13"
"23-12-2016","HSIO","15800","P","02/2017","5"
"23-12-2016","HSIO","16000","P","02/2017","47"
"23-12-2016","HSIO","16200","P","02/2017","4"
"23-12-2016","HSIO","16400","P","02/2017","1"
"23-12-2016","HSIO","16600","P","02/2017","2"
"23-12-2016","HSIO","16800","P","02/2017","3"
"23-12-2016","HSIO","17000","P","02/2017","140"
"23-12-2016","HSIO","17400","P","02/2017","16"
"23-12-2016","HSIO","17600","C","02/2017","1"
"23-12-2016","HSIO","17600","P","02/2017","33"
"23-12-2016","HSIO","17800","P","02/2017","116"
"23-12-2016","HSIO","18000","P","02/2017","92"
"23-12-2016","HSIO","18200","P","02/2017","77"
"23-12-2016","HSIO","18400","P","02/2017","179"
"23-12-2016","HSIO","18600","P","02/2017","85"
"23-12-2016","HSIO","18800","P","02/2017","56"
"23-12-2016","HSIO","19000","P","02/2017","390"
"23-12-2016","HSIO","19200","C","02/2017","5"
"23-12-2016","HSIO","19200","P","02/2017","100"
"23-12-2016","HSIO","19400","P","02/2017","73"
"23-12-2016","HSIO","19600","P","02/2017","42"
"23-12-2016","HSIO","19800","P","02/2017","343"
"23-12-2016","HSIO","20000","P","02/2017","308"
"23-12-2016","HSIO","20200","C","02/2017","6"
"23-12-2016","HSIO","20200","P","02/2017","144"
"23-12-2016","HSIO","20400","C","02/2017","12"
"23-12-2016","HSIO","20400","P","02/2017","101"
"23-12-2016","HSIO","20600","P","02/2017","853"
"23-12-2016","HSIO","20800","C","02/2017","6"
"23-12-2016","HSIO","20800","P","02/2017","391"
"23-12-2016","HSIO","21000","P","02/2017","359"
"23-12-2016","HSIO","21200","C","02/2017","2"
"23-12-2016","HSIO","21200","P","02/2017","248"
"23-12-2016","HSIO","21400","C","02/2017","59"
"23-12-2016","HSIO","21400","P","02/2017","331"
"23-12-2016","HSIO","21600","C","02/2017","341"
"23-12-2016","HSIO","21600","P","02/2017","501"
"23-12-2016","HSIO","21800","C","02/2017","1048"
"23-12-2016","HSIO","21800","P","02/2017","1725"
"23-12-2016","HSIO","22000","C","02/2017","449"
"23-12-2016","HSIO","22000","P","02/2017","628"
"23-12-2016","HSIO","22200","C","02/2017","339"
"23-12-2016","HSIO","22200","P","02/2017","377"
"23-12-2016","HSIO","22400","C","02/2017","71"
"23-12-2016","HSIO","22400","P","02/2017","93"
"23-12-2016","HSIO","22600","C","02/2017","316"
"23-12-2016","HSIO","22600","P","02/2017","176"
"23-12-2016","HSIO","22800","C","02/2017","685"
"23-12-2016","HSIO","22800","P","02/2017","783"
"23-12-2016","HSIO","23000","C","02/2017","1071"
"23-12-2016","HSIO","23000","P","02/2017","1115"
"23-12-2016","HSIO","23200","C","02/2017","210"
"23-12-2016","HSIO","23200","P","02/2017","45"
"23-12-2016","HSIO","23400","C","02/2017","294"
"23-12-2016","HSIO","23400","P","02/2017","35"
"23-12-2016","HSIO","23600","C","02/2017","936"
"23-12-2016","HSIO","23800","C","02/2017","101"
"23-12-2016","HSIO","23800","P","02/2017","1"
"23-12-2016","HSIO","24000","C","02/2017","428"
"23-12-2016","HSIO","24200","C","02/2017","441"
"23-12-2016","HSIO","24400","C","02/2017","90"
"23-12-2016","HSIO","24600","C","02/2017","100"
"23-12-2016","HSIO","24800","C","02/2017","95"
"23-12-2016","HSIO","25000","C","02/2017","73"
"23-12-2016","HSIO","25000","P","02/2017","18"
"23-12-2016","HSIO","25200","C","02/2017","59"
"23-12-2016","HSIO","25400","C","02/2017","44"
"23-12-2016","HSIO","25600","C","02/2017","61"
"23-12-2016","HSIO","25600","P","02/2017","5"
"23-12-2016","HSIO","25800","C","02/2017","87"
"23-12-2016","HSIO","26000","C","02/2017","48"
"23-12-2016","HSIO","26200","C","02/2017","1"
"23-12-2016","HSIO","26400","C","02/2017","5"
"23-12-2016","HSIO","27000","C","02/2017","6"
"23-12-2016","HSIO","27200","C","02/2017","33"
"23-12-2016","HSIO","28000","C","02/2017","6"
"23-12-2016","HSIO","11800","P","03/2017","641"
"23-12-2016","HSIO","12000","P","03/2017","189"
"23-12-2016","HSIO","12200","P","03/2017","101"
"23-12-2016","HSIO","12400","P","03/2017","50"
"23-12-2016","HSIO","12600","P","03/2017","31"
"23-12-2016","HSIO","12800","P","03/2017","30"
"23-12-2016","HSIO","13000","P","03/2017","28"
"23-12-2016","HSIO","13200","P","03/2017","90"
"23-12-2016","HSIO","13400","C","03/2017","1"
"23-12-2016","HSIO","13400","P","03/2017","160"
"23-12-2016","HSIO","13600","P","03/2017","29"
"23-12-2016","HSIO","13800","P","03/2017","20"
"23-12-2016","HSIO","14000","P","03/2017","112"
"23-12-2016","HSIO","14200","P","03/2017","583"
"23-12-2016","HSIO","14400","P","03/2017","10"
"23-12-2016","HSIO","14600","P","03/2017","212"
"23-12-2016","HSIO","14800","P","03/2017","6"
"23-12-2016","HSIO","15000","P","03/2017","71"
"23-12-2016","HSIO","15200","C","03/2017","1"
"23-12-2016","HSIO","15200","P","03/2017","12"
"23-12-2016","HSIO","15400","P","03/2017","36"
"23-12-2016","HSIO","15600","C","03/2017","3"
"23-12-2016","HSIO","15600","P","03/2017","397"
"23-12-2016","HSIO","15800","P","03/2017","48"
"23-12-2016","HSIO","16000","C","03/2017","1"
"23-12-2016","HSIO","16000","P","03/2017","90"
"23-12-2016","HSIO","16200","C","03/2017","1"
"23-12-2016","HSIO","16200","P","03/2017","74"
"23-12-2016","HSIO","16400","C","03/2017","4"
"23-12-2016","HSIO","16400","P","03/2017","116"
"23-12-2016","HSIO","16600","P","03/2017","59"
"23-12-2016","HSIO","16800","P","03/2017","25"
"23-12-2016","HSIO","17000","C","03/2017","3"
"23-12-2016","HSIO","17000","P","03/2017","135"
"23-12-2016","HSIO","17200","C","03/2017","3"
"23-12-2016","HSIO","17200","P","03/2017","87"
"23-12-2016","HSIO","17400","P","03/2017","344"
"23-12-2016","HSIO","17600","P","03/2017","150"
"23-12-2016","HSIO","17800","P","03/2017","458"
"23-12-2016","HSIO","18000","P","03/2017","472"
"23-12-2016","HSIO","18200","C","03/2017","5"
"23-12-2016","HSIO","18200","P","03/2017","655"
"23-12-2016","HSIO","18400","C","03/2017","5"
"23-12-2016","HSIO","18400","P","03/2017","54"
"23-12-2016","HSIO","18600","C","03/2017","10"
"23-12-2016","HSIO","18600","P","03/2017","61"
"23-12-2016","HSIO","18800","C","03/2017","5"
"23-12-2016","HSIO","18800","P","03/2017","93"
"23-12-2016","HSIO","19000","C","03/2017","9"
"23-12-2016","HSIO","19000","P","03/2017","664"
"23-12-2016","HSIO","19200","P","03/2017","33"
"23-12-2016","HSIO","19400","C","03/2017","1"
"23-12-2016","HSIO","19400","P","03/2017","989"
"23-12-2016","HSIO","19600","P","03/2017","336"
"23-12-2016","HSIO","19800","C","03/2017","300"
"23-12-2016","HSIO","19800","P","03/2017","588"
"23-12-2016","HSIO","20000","C","03/2017","330"
"23-12-2016","HSIO","20000","P","03/2017","3858"
"23-12-2016","HSIO","20200","C","03/2017","1"
"23-12-2016","HSIO","20200","P","03/2017","193"
"23-12-2016","HSIO","20400","C","03/2017","4"
"23-12-2016","HSIO","20400","P","03/2017","436"
"23-12-2016","HSIO","20600","C","03/2017","200"
"23-12-2016","HSIO","20600","P","03/2017","684"
"23-12-2016","HSIO","20800","C","03/2017","104"
"23-12-2016","HSIO","20800","P","03/2017","1076"
"23-12-2016","HSIO","21000","C","03/2017","12"
"23-12-2016","HSIO","21000","P","03/2017","1176"
"23-12-2016","HSIO","21200","C","03/2017","12"
"23-12-2016","HSIO","21200","P","03/2017","434"
"23-12-2016","HSIO","21400","C","03/2017","258"
"23-12-2016","HSIO","21400","P","03/2017","1702"
"23-12-2016","HSIO","21600","C","03/2017","74"
"23-12-2016","HSIO","21600","P","03/2017","515"
"23-12-2016","HSIO","21800","C","03/2017","45"
"23-12-2016","HSIO","21800","P","03/2017","598"
"23-12-2016","HSIO","22000","C","03/2017","848"
"23-12-2016","HSIO","22000","P","03/2017","1600"
"23-12-2016","HSIO","22200","C","03/2017","413"
"23-12-2016","HSIO","22200","P","03/2017","1125"
"23-12-2016","HSIO","22400","C","03/2017","294"
"23-12-2016","HSIO","22400","P","03/2017","961"
"23-12-2016","HSIO","22600","C","03/2017","1240"
"23-12-2016","HSIO","22600","P","03/2017","2638"
"23-12-2016","HSIO","22800","C","03/2017","1186"
"23-12-2016","HSIO","22800","P","03/2017","1168"
"23-12-2016","HSIO","23000","C","03/2017","2348"
"23-12-2016","HSIO","23000","P","03/2017","2914"
"23-12-2016","HSIO","23200","C","03/2017","603"
"23-12-2016","HSIO","23200","P","03/2017","241"
"23-12-2016","HSIO","23400","C","03/2017","561"
"23-12-2016","HSIO","23400","P","03/2017","192"
"23-12-2016","HSIO","23600","C","03/2017","1291"
"23-12-2016","HSIO","23600","P","03/2017","344"
"23-12-2016","HSIO","23800","C","03/2017","281"
"23-12-2016","HSIO","23800","P","03/2017","14"
"23-12-2016","HSIO","24000","C","03/2017","1642"
"23-12-2016","HSIO","24000","P","03/2017","100"
"23-12-2016","HSIO","24200","C","03/2017","68"
"23-12-2016","HSIO","24200","P","03/2017","1"
"23-12-2016","HSIO","24400","C","03/2017","123"
"23-12-2016","HSIO","24400","P","03/2017","1"
"23-12-2016","HSIO","24600","C","03/2017","1418"
"23-12-2016","HSIO","24600","P","03/2017","1"
"23-12-2016","HSIO","24800","C","03/2017","916"
"23-12-2016","HSIO","25000","C","03/2017","437"
"23-12-2016","HSIO","25000","P","03/2017","2"
"23-12-2016","HSIO","25200","C","03/2017","35"
"23-12-2016","HSIO","25400","C","03/2017","446"
"23-12-2016","HSIO","25600","C","03/2017","494"
"23-12-2016","HSIO","25800","C","03/2017","122"
"23-12-2016","HSIO","26000","C","03/2017","854"
"23-12-2016","HSIO","26200","C","03/2017","52"
"23-12-2016","HSIO","26400","C","03/2017","910"
"23-12-2016","HSIO","26600","C","03/2017","145"
"23-12-2016","HSIO","26600","P","03/2017","1"
"23-12-2016","HSIO","26800","C","03/2017","119"
"23-12-2016","HSIO","27000","C","03/2017","114"
"23-12-2016","HSIO","27000","P","03/2017","3"
"23-12-2016","HSIO","27200","C","03/2017","34"
"23-12-2016","HSIO","27200","P","03/2017","1"
"23-12-2016","HSIO","27400","C","03/2017","59"
"23-12-2016","HSIO","27400","P","03/2017","3"
"23-12-2016","HSIO","27600","C","03/2017","45"
"23-12-2016","HSIO","27800","C","03/2017","83"
"23-12-2016","HSIO","28000","C","03/2017","75"
"23-12-2016","HSIO","28200","C","03/2017","33"
"23-12-2016","HSIO","28400","C","03/2017","6"
"23-12-2016","HSIO","28800","C","03/2017","6"
"23-12-2016","HSIO","29000","C","03/2017","15"
"23-12-2016","HSIO","29400","C","03/2017","1"
"23-12-2016","HSIO","29800","C","03/2017","1"
"23-12-2016","HSIO","30000","C","03/2017","100"
"23-12-2016","HSIO","30400","C","03/2017","4"
"23-12-2016","HSIO","30800","C","03/2017","2"
"23-12-2016","HSIO","31000","C","03/2017","38"
"23-12-2016","HSIO","31200","C","03/2017","20"
"23-12-2016","HSIO","31400","C","03/2017","40"
"23-12-2016","HSIO","13200","P","06/2017","650"
"23-12-2016","HSIO","13800","P","06/2017","1294"
"23-12-2016","HSIO","14200","P","06/2017","50"
"23-12-2016","HSIO","14400","P","06/2017","53"
"23-12-2016","HSIO","14600","P","06/2017","52"
"23-12-2016","HSIO","14800","P","06/2017","237"
"23-12-2016","HSIO","15000","P","06/2017","148"
"23-12-2016","HSIO","15200","P","06/2017","107"
"23-12-2016","HSIO","15400","P","06/2017","38"
"23-12-2016","HSIO","15600","C","06/2017","3"
"23-12-2016","HSIO","15600","P","06/2017","100"
"23-12-2016","HSIO","15800","P","06/2017","65"
"23-12-2016","HSIO","16000","P","06/2017","190"
"23-12-2016","HSIO","16200","P","06/2017","10"
"23-12-2016","HSIO","16400","P","06/2017","8"
"23-12-2016","HSIO","16600","C","06/2017","5"
"23-12-2016","HSIO","16600","P","06/2017","587"
"23-12-2016","HSIO","16800","P","06/2017","16"
"23-12-2016","HSIO","17000","P","06/2017","40"
"23-12-2016","HSIO","17200","P","06/2017","2"
"23-12-2016","HSIO","17400","C","06/2017","30"
"23-12-2016","HSIO","17400","P","06/2017","175"
"23-12-2016","HSIO","17600","P","06/2017","4"
"23-12-2016","HSIO","17800","P","06/2017","19"
"23-12-2016","HSIO","18000","P","06/2017","284"
"23-12-2016","HSIO","18200","C","06/2017","334"
"23-12-2016","HSIO","18200","P","06/2017","1562"
"23-12-2016","HSIO","18400","P","06/2017","11"
"23-12-2016","HSIO","18600","P","06/2017","1414"
"23-12-2016","HSIO","18800","P","06/2017","1267"
"23-12-2016","HSIO","19000","C","06/2017","10"
"23-12-2016","HSIO","19000","P","06/2017","1925"
"23-12-2016","HSIO","19200","P","06/2017","754"
"23-12-2016","HSIO","19400","C","06/2017","5"
"23-12-2016","HSIO","19400","P","06/2017","1332"
"23-12-2016","HSIO","19600","C","06/2017","5"
"23-12-2016","HSIO","19600","P","06/2017","301"
"23-12-2016","HSIO","19800","C","06/2017","10"
"23-12-2016","HSIO","19800","P","06/2017","753"
"23-12-2016","HSIO","20000","C","06/2017","677"
"23-12-2016","HSIO","20000","P","06/2017","2903"
"23-12-2016","HSIO","20200","C","06/2017","10"
"23-12-2016","HSIO","20200","P","06/2017","1053"
"23-12-2016","HSIO","20400","C","06/2017","10"
"23-12-2016","HSIO","20400","P","06/2017","11"
"23-12-2016","HSIO","20600","C","06/2017","5"
"23-12-2016","HSIO","20600","P","06/2017","22"
"23-12-2016","HSIO","20800","C","06/2017","5"
"23-12-2016","HSIO","20800","P","06/2017","8"
"23-12-2016","HSIO","21000","C","06/2017","506"
"23-12-2016","HSIO","21000","P","06/2017","985"
"23-12-2016","HSIO","21200","P","06/2017","27"
"23-12-2016","HSIO","21400","P","06/2017","259"
"23-12-2016","HSIO","21600","C","06/2017","268"
"23-12-2016","HSIO","21600","P","06/2017","253"
"23-12-2016","HSIO","21800","C","06/2017","1"
"23-12-2016","HSIO","21800","P","06/2017","428"
"23-12-2016","HSIO","22000","C","06/2017","230"
"23-12-2016","HSIO","22000","P","06/2017","1254"
"23-12-2016","HSIO","22200","C","06/2017","4"
"23-12-2016","HSIO","22200","P","06/2017","270"
"23-12-2016","HSIO","22400","C","06/2017","1010"
"23-12-2016","HSIO","22400","P","06/2017","372"
"23-12-2016","HSIO","22600","C","06/2017","1095"
"23-12-2016","HSIO","22600","P","06/2017","1638"
"23-12-2016","HSIO","22800","C","06/2017","406"
"23-12-2016","HSIO","22800","P","06/2017","406"
"23-12-2016","HSIO","23000","C","06/2017","1222"
"23-12-2016","HSIO","23000","P","06/2017","826"
"23-12-2016","HSIO","23200","C","06/2017","13"
"23-12-2016","HSIO","23400","C","06/2017","627"
"23-12-2016","HSIO","23400","P","06/2017","400"
"23-12-2016","HSIO","23600","C","06/2017","1128"
"23-12-2016","HSIO","23600","P","06/2017","851"
"23-12-2016","HSIO","23800","C","06/2017","1"
"23-12-2016","HSIO","24000","C","06/2017","851"
"23-12-2016","HSIO","24000","P","06/2017","9"
"23-12-2016","HSIO","24600","C","06/2017","401"
"23-12-2016","HSIO","24800","C","06/2017","1245"
"23-12-2016","HSIO","25000","C","06/2017","680"
"23-12-2016","HSIO","25200","C","06/2017","3"
"23-12-2016","HSIO","25400","C","06/2017","21"
"23-12-2016","HSIO","25600","C","06/2017","105"
"23-12-2016","HSIO","25800","C","06/2017","687"
"23-12-2016","HSIO","26000","C","06/2017","17"
"23-12-2016","HSIO","26200","C","06/2017","27"
"23-12-2016","HSIO","26400","C","06/2017","800"
"23-12-2016","HSIO","26600","C","06/2017","4"
"23-12-2016","HSIO","26800","C","06/2017","54"
"23-12-2016","HSIO","27000","C","06/2017","237"
"23-12-2016","HSIO","27200","C","06/2017","10"
"23-12-2016","HSIO","27400","C","06/2017","5"
"23-12-2016","HSIO","27600","C","06/2017","15"
"23-12-2016","HSIO","27800","C","06/2017","22"
"23-12-2016","HSIO","28000","C","06/2017","501"
"23-12-2016","HSIO","28200","C","06/2017","31"
"23-12-2016","HSIO","28400","C","06/2017","6"
"23-12-2016","HSIO","28800","C","06/2017","5"
"23-12-2016","HSIO","29000","C","06/2017","8"
"23-12-2016","HSIO","29200","C","06/2017","5"
"23-12-2016","HSIO","29400","C","06/2017","5"
"23-12-2016","HSIO","30000","C","06/2017","35"
"23-12-2016","HSIO","30200","C","06/2017","5"
"23-12-2016","HSIO","30400","C","06/2017","7"
"23-12-2016","HSIO","31000","C","06/2017","12"
"23-12-2016","HSIO","32000","C","06/2017","36"
"23-12-2016","HSIO","33000","C","06/2017","8"
"23-12-2016","HSIO","34000","C","06/2017","21"
"23-12-2016","HSIO","14400","P","09/2017","137"
"23-12-2016","HSIO","14600","P","09/2017","11"
"23-12-2016","HSIO","14800","P","09/2017","18"
"23-12-2016","HSIO","15000","P","09/2017","34"
"23-12-2016","HSIO","15200","P","09/2017","40"
"23-12-2016","HSIO","15400","P","09/2017","5"
"23-12-2016","HSIO","15600","P","09/2017","5"
"23-12-2016","HSIO","16000","P","09/2017","40"
"23-12-2016","HSIO","16400","P","09/2017","11"
"23-12-2016","HSIO","16600","P","09/2017","6"
"23-12-2016","HSIO","17000","P","09/2017","1"
"23-12-2016","HSIO","17400","P","09/2017","2"
"23-12-2016","HSIO","17600","P","09/2017","102"
"23-12-2016","HSIO","17800","P","09/2017","1"
"23-12-2016","HSIO","18000","P","09/2017","671"
"23-12-2016","HSIO","18200","P","09/2017","4"
"23-12-2016","HSIO","18400","P","09/2017","4"
"23-12-2016","HSIO","18600","P","09/2017","1"
"23-12-2016","HSIO","18800","P","09/2017","472"
"23-12-2016","HSIO","19000","P","09/2017","125"
"23-12-2016","HSIO","19200","P","09/2017","225"
"23-12-2016","HSIO","19400","P","09/2017","4"
"23-12-2016","HSIO","19600","P","09/2017","20"
"23-12-2016","HSIO","19800","P","09/2017","5"
"23-12-2016","HSIO","20000","P","09/2017","363"
"23-12-2016","HSIO","20200","C","09/2017","10"
"23-12-2016","HSIO","20200","P","09/2017","5"
"23-12-2016","HSIO","20400","P","09/2017","51"
"23-12-2016","HSIO","20600","P","09/2017","255"
"23-12-2016","HSIO","20800","P","09/2017","80"
"23-12-2016","HSIO","21000","P","09/2017","924"
"23-12-2016","HSIO","21200","C","09/2017","5"
"23-12-2016","HSIO","21200","P","09/2017","206"
"23-12-2016","HSIO","21400","C","09/2017","5"
"23-12-2016","HSIO","21400","P","09/2017","222"
"23-12-2016","HSIO","21600","P","09/2017","155"
"23-12-2016","HSIO","21800","C","09/2017","1"
"23-12-2016","HSIO","21800","P","09/2017","274"
"23-12-2016","HSIO","22000","C","09/2017","38"
"23-12-2016","HSIO","22000","P","09/2017","783"
"23-12-2016","HSIO","22200","C","09/2017","763"
"23-12-2016","HSIO","22200","P","09/2017","970"
"23-12-2016","HSIO","22400","C","09/2017","1030"
"23-12-2016","HSIO","22400","P","09/2017","1210"
"23-12-2016","HSIO","22600","C","09/2017","450"
"23-12-2016","HSIO","22600","P","09/2017","450"
"23-12-2016","HSIO","22800","C","09/2017","74"
"23-12-2016","HSIO","23000","C","09/2017","82"
"23-12-2016","HSIO","23000","P","09/2017","23"
"23-12-2016","HSIO","23200","C","09/2017","171"
"23-12-2016","HSIO","23400","C","09/2017","18"
"23-12-2016","HSIO","23600","C","09/2017","100"
"23-12-2016","HSIO","23600","P","09/2017","100"
"23-12-2016","HSIO","23800","C","09/2017","402"
"23-12-2016","HSIO","23800","P","09/2017","400"
"23-12-2016","HSIO","24000","P","09/2017","7"
"23-12-2016","HSIO","24400","C","09/2017","16"
"23-12-2016","HSIO","24400","P","09/2017","10"
"23-12-2016","HSIO","24600","C","09/2017","1"
"23-12-2016","HSIO","25000","C","09/2017","102"
"23-12-2016","HSIO","25200","C","09/2017","5"
"23-12-2016","HSIO","25400","C","09/2017","56"
"23-12-2016","HSIO","25800","C","09/2017","11"
"23-12-2016","HSIO","26000","C","09/2017","8"
"23-12-2016","HSIO","26200","C","09/2017","29"
"23-12-2016","HSIO","26800","C","09/2017","1"
"23-12-2016","HSIO","27000","C","09/2017","4"
"23-12-2016","HSIO","27200","C","09/2017","1"
"23-12-2016","HSIO","27400","C","09/2017","11"
"23-12-2016","HSIO","27600","C","09/2017","5"
"23-12-2016","HSIO","27800","C","09/2017","6"
"23-12-2016","HSIO","28000","C","09/2017","27"
"23-12-2016","HSIO","28600","C","09/2017","10"
"23-12-2016","HSIO","29000","C","09/2017","1"
"23-12-2016","HSIO","29000","P","09/2017","5"
"23-12-2016","HSIO","29200","C","09/2017","61"
"23-12-2016","HSIO","29200","P","09/2017","5"
"23-12-2016","HSIO","29400","C","09/2017","22"
"23-12-2016","HSIO","29400","P","09/2017","5"
"23-12-2016","HSIO","29600","C","09/2017","1"
"23-12-2016","HSIO","30000","C","09/2017","3"
"23-12-2016","HSIO","30000","P","09/2017","5"
"23-12-2016","HSIO","30400","P","09/2017","5"
"23-12-2016","HSIO","14400","P","12/2017","1075"
"23-12-2016","HSIO","15000","P","12/2017","608"
"23-12-2016","HSIO","15800","P","12/2017","966"
"23-12-2016","HSIO","16600","P","12/2017","496"
"23-12-2016","HSIO","17400","P","12/2017","1060"
"23-12-2016","HSIO","18000","C","12/2017","5"
"23-12-2016","HSIO","18200","C","12/2017","225"
"23-12-2016","HSIO","18200","P","12/2017","880"
"23-12-2016","HSIO","18400","C","12/2017","5"
"23-12-2016","HSIO","18600","P","12/2017","151"
"23-12-2016","HSIO","19000","C","12/2017","1715"
"23-12-2016","HSIO","19000","P","12/2017","3765"
"23-12-2016","HSIO","19200","P","12/2017","150"
"23-12-2016","HSIO","20000","C","12/2017","2227"
"23-12-2016","HSIO","20000","P","12/2017","2860"
"23-12-2016","HSIO","20600","P","12/2017","3"
"23-12-2016","HSIO","20800","P","12/2017","12"
"23-12-2016","HSIO","21000","C","12/2017","303"
"23-12-2016","HSIO","21000","P","12/2017","1812"
"23-12-2016","HSIO","21200","P","12/2017","59"
"23-12-2016","HSIO","21400","P","12/2017","52"
"23-12-2016","HSIO","21600","C","12/2017","350"
"23-12-2016","HSIO","21600","P","12/2017","394"
"23-12-2016","HSIO","21800","C","12/2017","300"
"23-12-2016","HSIO","21800","P","12/2017","300"
"23-12-2016","HSIO","22000","C","12/2017","4435"
"23-12-2016","HSIO","22000","P","12/2017","5019"
"23-12-2016","HSIO","22200","C","12/2017","8"
"23-12-2016","HSIO","22200","P","12/2017","42"
"23-12-2016","HSIO","22400","C","12/2017","350"
"23-12-2016","HSIO","22400","P","12/2017","550"
"23-12-2016","HSIO","22600","C","12/2017","90"
"23-12-2016","HSIO","22600","P","12/2017","50"
"23-12-2016","HSIO","22800","C","12/2017","804"
"23-12-2016","HSIO","22800","P","12/2017","666"
"23-12-2016","HSIO","23000","C","12/2017","4277"
"23-12-2016","HSIO","23000","P","12/2017","3987"
"23-12-2016","HSIO","23200","C","12/2017","17"
"23-12-2016","HSIO","23400","C","12/2017","4"
"23-12-2016","HSIO","24000","C","12/2017","2546"
"23-12-2016","HSIO","24000","P","12/2017","2575"
"23-12-2016","HSIO","24600","C","12/2017","126"
"23-12-2016","HSIO","25000","C","12/2017","751"
"23-12-2016","HSIO","25000","P","12/2017","52"
"23-12-2016","HSIO","26000","C","12/2017","1901"
"23-12-2016","HSIO","26600","C","12/2017","1"
"23-12-2016","HSIO","27000","C","12/2017","503"
"23-12-2016","HSIO","27000","P","12/2017","7"
"23-12-2016","HSIO","27200","C","12/2017","3"
"23-12-2016","HSIO","28000","C","12/2017","1053"
"23-12-2016","HSIO","28000","P","12/2017","55"
"23-12-2016","HSIO","29000","C","12/2017","17"
"23-12-2016","HSIO","30000","C","12/2017","29"
"23-12-2016","HSIO","31000","C","12/2017","20"
"23-12-2016","HSIO","32000","C","12/2017","32"
"23-12-2016","HSIO","33000","C","12/2017","152"
"23-12-2016","HSIO","34000","C","12/2017","98"
"23-12-2016","HSIO","14400","P","06/2018","127"
"23-12-2016","HSIO","15000","P","06/2018","77"
"23-12-2016","HSIO","15800","P","06/2018","141"
"23-12-2016","HSIO","16600","P","06/2018","10"
"23-12-2016","HSIO","18200","P","06/2018","16"
"23-12-2016","HSIO","19000","P","06/2018","520"
"23-12-2016","HSIO","21000","C","06/2018","322"
"23-12-2016","HSIO","21000","P","06/2018","222"
"23-12-2016","HSIO","22000","C","06/2018","168"
"23-12-2016","HSIO","22000","P","06/2018","150"
"23-12-2016","HSIO","23000","C","06/2018","640"
"23-12-2016","HSIO","23000","P","06/2018","600"
"23-12-2016","HSIO","24000","C","06/2018","505"
"23-12-2016","HSIO","24000","P","06/2018","475"
"23-12-2016","HSIO","25000","C","06/2018","46"
"23-12-2016","HSIO","26000","C","06/2018","68"
"23-12-2016","HSIO","27000","C","06/2018","78"
"23-12-2016","HSIO","28000","C","06/2018","529"
"23-12-2016","HSIO","29000","C","06/2018","376"
"23-12-2016","HSIO","30000","C","06/2018","40"
"23-12-2016","HSIO","31000","C","06/2018","25"
"23-12-2016","HSIO","32000","C","06/2018","20"
"23-12-2016","HSIO","33000","C","06/2018","5"
"23-12-2016","HSIO","34000","C","06/2018","26"
"23-12-2016","HSIO","14400","P","12/2018","106"
"23-12-2016","HSIO","15000","P","12/2018","16"
"23-12-2016","HSIO","15800","P","12/2018","125"
"23-12-2016","HSIO","16600","P","12/2018","25"
"23-12-2016","HSIO","17400","P","12/2018","35"
"23-12-2016","HSIO","18200","P","12/2018","300"
"23-12-2016","HSIO","19000","P","12/2018","108"
"23-12-2016","HSIO","21000","C","12/2018","23"
"23-12-2016","HSIO","22000","C","12/2018","428"
"23-12-2016","HSIO","22000","P","12/2018","313"
"23-12-2016","HSIO","23000","C","12/2018","400"
"23-12-2016","HSIO","23000","P","12/2018","400"
"23-12-2016","HSIO","24000","C","12/2018","76"
"23-12-2016","HSIO","25000","C","12/2018","41"
"23-12-2016","HSIO","26000","C","12/2018","300"
"23-12-2016","HSIO","27000","C","12/2018","2"
"23-12-2016","HSIO","28000","C","12/2018","13"
"23-12-2016","HSIO","29000","C","12/2018","2"
"23-12-2016","HSIO","30000","C","12/2018","5"
"23-12-2016","HSIO","31000","C","12/2018","15"
"23-12-2016","HSIO","32000","C","12/2018","18"
"23-12-2016","HSIO","17400","P","06/2019","100"
"23-12-2016","HSIO","18200","P","06/2019","152"
"23-12-2016","HSIO","26000","C","06/2019","4"
"23-12-2016","HSIO","27000","C","06/2019","19"
"23-12-2016","HSIO","28000","C","06/2019","15"
"23-12-2016","HSIO","29000","C","06/2019","15"
"23-12-2016","HSIO","15800","P","12/2019","15"
"23-12-2016","HSIO","16600","P","12/2019","368"
"23-12-2016","HSIO","17400","P","12/2019","1"
"23-12-2016","HSIO","26000","C","12/2019","15"
"23-12-2016","HSIO","27000","C","12/2019","15"
"23-12-2016","HSIO","28000","C","12/2019","30"
"23-12-2016","HSIO","29000","C","12/2019","57"
"23-12-2016","HSIO","28000","C","06/2020","7"
"23-12-2016","ICB","","","12/2016","37"
"23-12-2016","ICB","","","01/2017","19"
"23-12-2016","ICB","","","03/2017","13"
"23-12-2016","ICB","","","06/2017","30"
"23-12-2016","KSO","","","12/2016","15"
"23-12-2016","KSO","","","01/2017","2"
"23-12-2016","KSO","","","03/2017","1"
"23-12-2016","KSO","","","06/2017","6"
"23-12-2016","LIF","","","12/2016","2"
"23-12-2016","LRA","","","01/2017","1"
"23-12-2016","LRA","","","03/2017","1"
"23-12-2016","LRC","","","01/2017","2"
"23-12-2016","LRC","","","02/2017","1"
"23-12-2016","LRN","","","01/2017","13"
"23-12-2016","LRN","","","02/2017","47"
"23-12-2016","LRN","","","03/2017","4"
"23-12-2016","LRZ","","","01/2017","1"
"23-12-2016","LRZ","","","02/2017","1"
"23-12-2016","LRZ","","","03/2017","12"
"23-12-2016","MBI","","","12/2016","15"
"23-12-2016","MBI","","","01/2017","4"
"23-12-2016","MCHF","","","12/2016","5817"
"23-12-2016","MCHF","","","01/2017","1496"
"23-12-2016","MCHF","","","03/2017","843"
"23-12-2016","MCHF","","","06/2017","611"
"23-12-2016","MCHO","5900","P","12/2016","1"
"23-12-2016","MCHO","6100","P","12/2016","1"
"23-12-2016","MCHO","6400","P","12/2016","1"
"23-12-2016","MCHO","7100","P","12/2016","1"
"23-12-2016","MCHO","7300","P","12/2016","38"
"23-12-2016","MCHO","7400","P","12/2016","19"
"23-12-2016","MCHO","7600","P","12/2016","1"
"23-12-2016","MCHO","7700","P","12/2016","307"
"23-12-2016","MCHO","7800","P","12/2016","12"
"23-12-2016","MCHO","7900","P","12/2016","73"
"23-12-2016","MCHO","8000","P","12/2016","46"
"23-12-2016","MCHO","8200","P","12/2016","156"
"23-12-2016","MCHO","8400","P","12/2016","46"
"23-12-2016","MCHO","8600","P","12/2016","40"
"23-12-2016","MCHO","8800","P","12/2016","82"
"23-12-2016","MCHO","9000","C","12/2016","23"
"23-12-2016","MCHO","9000","P","12/2016","1869"
"23-12-2016","MCHO","9200","C","12/2016","91"
"23-12-2016","MCHO","9200","P","12/2016","1132"
"23-12-2016","MCHO","9400","C","12/2016","219"
"23-12-2016","MCHO","9400","P","12/2016","270"
"23-12-2016","MCHO","9600","C","12/2016","347"
"23-12-2016","MCHO","9600","P","12/2016","537"
"23-12-2016","MCHO","9800","C","12/2016","439"
"23-12-2016","MCHO","9800","P","12/2016","265"
"23-12-2016","MCHO","10000","C","12/2016","1219"
"23-12-2016","MCHO","10000","P","12/2016","208"
"23-12-2016","MCHO","10200","C","12/2016","157"
"23-12-2016","MCHO","10200","P","12/2016","34"
"23-12-2016","MCHO","10400","C","12/2016","138"
"23-12-2016","MCHO","10400","P","12/2016","2"
"23-12-2016","MCHO","10600","C","12/2016","621"
"23-12-2016","MCHO","10800","C","12/2016","207"
"23-12-2016","MCHO","11000","C","12/2016","61"
"23-12-2016","MCHO","11200","C","12/2016","33"
"23-12-2016","MCHO","11400","C","12/2016","232"
"23-12-2016","MCHO","11600","C","12/2016","25"
"23-12-2016","MCHO","11800","C","12/2016","419"
"23-12-2016","MCHO","6300","P","01/2017","100"
"23-12-2016","MCHO","7100","P","01/2017","2"
"23-12-2016","MCHO","7600","P","01/2017","2"
"23-12-2016","MCHO","7900","P","01/2017","6"
"23-12-2016","MCHO","8200","P","01/2017","7"
"23-12-2016","MCHO","8400","P","01/2017","8"
"23-12-2016","MCHO","8600","P","01/2017","106"
"23-12-2016","MCHO","8800","C","01/2017","1"
"23-12-2016","MCHO","8800","P","01/2017","53"
"23-12-2016","MCHO","9000","C","01/2017","2"
"23-12-2016","MCHO","9000","P","01/2017","80"
"23-12-2016","MCHO","9200","C","01/2017","70"
"23-12-2016","MCHO","9200","P","01/2017","209"
"23-12-2016","MCHO","9400","C","01/2017","53"
"23-12-2016","MCHO","9400","P","01/2017","103"
"23-12-2016","MCHO","9600","C","01/2017","68"
"23-12-2016","MCHO","9600","P","01/2017","129"
"23-12-2016","MCHO","9800","C","01/2017","176"
"23-12-2016","MCHO","9800","P","01/2017","73"
"23-12-2016","MCHO","10000","C","01/2017","22"
"23-12-2016","MCHO","10000","P","01/2017","27"
"23-12-2016","MCHO","10200","C","01/2017","118"
"23-12-2016","MCHO","10200","P","01/2017","3"
"23-12-2016","MCHO","10400","C","01/2017","101"
"23-12-2016","MCHO","10400","P","01/2017","1"
"23-12-2016","MCHO","10600","C","01/2017","49"
"23-12-2016","MCHO","10800","C","01/2017","145"
"23-12-2016","MCHO","11000","C","01/2017","43"
"23-12-2016","MCHO","11200","C","01/2017","1"
"23-12-2016","MCHO","11400","C","01/2017","10"
"23-12-2016","MCHO","11600","C","01/2017","115"
"23-12-2016","MCHO","5900","P","03/2017","1"
"23-12-2016","MCHO","7500","P","03/2017","1"
"23-12-2016","MCHO","7600","P","03/2017","1"
"23-12-2016","MCHO","7700","P","03/2017","1"
"23-12-2016","MCHO","7800","P","03/2017","1"
"23-12-2016","MCHO","8000","P","03/2017","7"
"23-12-2016","MCHO","8200","P","03/2017","1"
"23-12-2016","MCHO","8400","C","03/2017","2"
"23-12-2016","MCHO","8400","P","03/2017","6"
"23-12-2016","MCHO","8600","C","03/2017","2"
"23-12-2016","MCHO","8600","P","03/2017","12"
"23-12-2016","MCHO","8800","C","03/2017","2"
"23-12-2016","MCHO","8800","P","03/2017","168"
"23-12-2016","MCHO","9000","C","03/2017","2"
"23-12-2016","MCHO","9000","P","03/2017","9"
"23-12-2016","MCHO","9200","C","03/2017","1"
"23-12-2016","MCHO","9200","P","03/2017","2"
"23-12-2016","MCHO","9400","C","03/2017","3"
"23-12-2016","MCHO","9400","P","03/2017","51"
"23-12-2016","MCHO","9600","C","03/2017","8"
"23-12-2016","MCHO","9600","P","03/2017","9"
"23-12-2016","MCHO","9800","C","03/2017","2"
"23-12-2016","MCHO","9800","P","03/2017","3"
"23-12-2016","MCHO","10000","C","03/2017","60"
"23-12-2016","MCHO","10000","P","03/2017","14"
"23-12-2016","MCHO","10200","C","03/2017","4"
"23-12-2016","MCHO","10200","P","03/2017","2"
"23-12-2016","MCHO","10400","C","03/2017","43"
"23-12-2016","MCHO","10400","P","03/2017","3"
"23-12-2016","MCHO","10600","C","03/2017","4"
"23-12-2016","MCHO","10600","P","03/2017","2"
"23-12-2016","MCHO","10800","C","03/2017","11"
"23-12-2016","MCHO","10800","P","03/2017","2"
"23-12-2016","MCHO","11000","C","03/2017","6"
"23-12-2016","MCHO","11200","C","03/2017","1"
"23-12-2016","MCHO","7500","P","06/2017","4"
"23-12-2016","MCHO","7600","P","06/2017","7"
"23-12-2016","MCHO","7700","P","06/2017","1"
"23-12-2016","MCHO","8000","P","06/2017","1"
"23-12-2016","MCHO","8400","P","06/2017","2"
"23-12-2016","MCHO","8600","P","06/2017","3"
"23-12-2016","MCHO","8800","C","06/2017","5"
"23-12-2016","MCHO","8800","P","06/2017","7"
"23-12-2016","MCHO","9000","C","06/2017","3"
"23-12-2016","MCHO","9000","P","06/2017","3"
"23-12-2016","MCHO","9200","C","06/2017","2"
"23-12-2016","MCHO","9200","P","06/2017","2"
"23-12-2016","MCHO","9400","C","06/2017","1"
"23-12-2016","MCHO","9400","P","06/2017","1"
"23-12-2016","MCHO","9600","C","06/2017","1"
"23-12-2016","MCHO","9600","P","06/2017","1"
"23-12-2016","MCHO","9800","C","06/2017","1"
"23-12-2016","MCHO","10000","C","06/2017","2"
"23-12-2016","MCHO","10000","P","06/2017","1"
"23-12-2016","MCHO","10200","C","06/2017","2"
"23-12-2016","MCHO","10400","C","06/2017","1"
"23-12-2016","MCHO","10400","P","06/2017","1"
"23-12-2016","MCHO","10600","C","06/2017","1"
"23-12-2016","MCHO","10600","P","06/2017","1"
"23-12-2016","MCHO","11000","C","06/2017","2"
"23-12-2016","MCHO","11600","C","06/2017","3"
"23-12-2016","MHIF","","","12/2016","8104"
"23-12-2016","MHIF","","","01/2017","2715"
"23-12-2016","MHIF","","","03/2017","951"
"23-12-2016","MHIF","","","06/2017","526"
"23-12-2016","MHIO","11000","P","12/2016","10"
"23-12-2016","MHIO","11800","P","12/2016","20"
"23-12-2016","MHIO","12000","P","12/2016","5"
"23-12-2016","MHIO","12200","P","12/2016","20"
"23-12-2016","MHIO","12400","P","12/2016","17"
"23-12-2016","MHIO","12600","P","12/2016","10"
"23-12-2016","MHIO","12800","P","12/2016","10"
"23-12-2016","MHIO","13000","P","12/2016","16"
"23-12-2016","MHIO","13200","P","12/2016","11"
"23-12-2016","MHIO","13400","P","12/2016","20"
"23-12-2016","MHIO","13600","P","12/2016","15"
"23-12-2016","MHIO","13800","P","12/2016","25"
"23-12-2016","MHIO","14000","P","12/2016","25"
"23-12-2016","MHIO","14600","P","12/2016","2"
"23-12-2016","MHIO","15000","P","12/2016","15"
"23-12-2016","MHIO","15200","P","12/2016","2"
"23-12-2016","MHIO","15600","P","12/2016","2"
"23-12-2016","MHIO","15800","P","12/2016","1"
"23-12-2016","MHIO","16000","C","12/2016","2"
"23-12-2016","MHIO","16000","P","12/2016","72"
"23-12-2016","MHIO","16200","C","12/2016","3"
"23-12-2016","MHIO","16200","P","12/2016","10"
"23-12-2016","MHIO","16600","C","12/2016","1"
"23-12-2016","MHIO","16800","C","12/2016","2"
"23-12-2016","MHIO","16800","P","12/2016","3"
"23-12-2016","MHIO","17000","C","12/2016","5"
"23-12-2016","MHIO","17000","P","12/2016","5"
"23-12-2016","MHIO","17200","P","12/2016","8"
"23-12-2016","MHIO","17400","C","12/2016","1"
"23-12-2016","MHIO","17800","C","12/2016","4"
"23-12-2016","MHIO","17800","P","12/2016","5"
"23-12-2016","MHIO","18000","C","12/2016","4"
"23-12-2016","MHIO","18000","P","12/2016","29"
"23-12-2016","MHIO","18200","C","12/2016","5"
"23-12-2016","MHIO","18200","P","12/2016","8"
"23-12-2016","MHIO","18400","C","12/2016","2"
"23-12-2016","MHIO","18400","P","12/2016","49"
"23-12-2016","MHIO","18600","C","12/2016","2"
"23-12-2016","MHIO","18600","P","12/2016","6"
"23-12-2016","MHIO","18800","P","12/2016","81"
"23-12-2016","MHIO","19000","C","12/2016","1"
"23-12-2016","MHIO","19000","P","12/2016","52"
"23-12-2016","MHIO","19200","C","12/2016","2"
"23-12-2016","MHIO","19200","P","12/2016","11"
"23-12-2016","MHIO","19400","C","12/2016","2"
"23-12-2016","MHIO","19400","P","12/2016","7"
"23-12-2016","MHIO","19600","C","12/2016","2"
"23-12-2016","MHIO","19600","P","12/2016","24"
"23-12-2016","MHIO","19800","C","12/2016","3"
"23-12-2016","MHIO","19800","P","12/2016","22"
"23-12-2016","MHIO","20000","C","12/2016","10"
"23-12-2016","MHIO","20000","P","12/2016","88"
"23-12-2016","MHIO","20200","C","12/2016","7"
"23-12-2016","MHIO","20200","P","12/2016","61"
"23-12-2016","MHIO","20400","C","12/2016","2"
"23-12-2016","MHIO","20400","P","12/2016","204"
"23-12-2016","MHIO","20600","C","12/2016","3"
"23-12-2016","MHIO","20600","P","12/2016","178"
"23-12-2016","MHIO","20800","C","12/2016","10"
"23-12-2016","MHIO","20800","P","12/2016","272"
"23-12-2016","MHIO","21000","C","12/2016","17"
"23-12-2016","MHIO","21000","P","12/2016","259"
"23-12-2016","MHIO","21200","C","12/2016","13"
"23-12-2016","MHIO","21200","P","12/2016","1028"
"23-12-2016","MHIO","21400","C","12/2016","114"
"23-12-2016","MHIO","21400","P","12/2016","556"
"23-12-2016","MHIO","21600","C","12/2016","331"
"23-12-2016","MHIO","21600","P","12/2016","665"
"23-12-2016","MHIO","21800","C","12/2016","457"
"23-12-2016","MHIO","21800","P","12/2016","519"
"23-12-2016","MHIO","22000","C","12/2016","795"
"23-12-2016","MHIO","22000","P","12/2016","822"
"23-12-2016","MHIO","22200","C","12/2016","445"
"23-12-2016","MHIO","22200","P","12/2016","1185"
"23-12-2016","MHIO","22400","C","12/2016","932"
"23-12-2016","MHIO","22400","P","12/2016","1009"
"23-12-2016","MHIO","22600","C","12/2016","563"
"23-12-2016","MHIO","22600","P","12/2016","567"
"23-12-2016","MHIO","22800","C","12/2016","440"
"23-12-2016","MHIO","22800","P","12/2016","195"
"23-12-2016","MHIO","23000","C","12/2016","834"
"23-12-2016","MHIO","23000","P","12/2016","390"
"23-12-2016","MHIO","23200","C","12/2016","786"
"23-12-2016","MHIO","23200","P","12/2016","106"
"23-12-2016","MHIO","23400","C","12/2016","442"
"23-12-2016","MHIO","23400","P","12/2016","39"
"23-12-2016","MHIO","23600","C","12/2016","830"
"23-12-2016","MHIO","23600","P","12/2016","98"
"23-12-2016","MHIO","23800","C","12/2016","340"
"23-12-2016","MHIO","23800","P","12/2016","65"
"23-12-2016","MHIO","24000","C","12/2016","373"
"23-12-2016","MHIO","24000","P","12/2016","20"
"23-12-2016","MHIO","24200","C","12/2016","227"
"23-12-2016","MHIO","24200","P","12/2016","8"
"23-12-2016","MHIO","24400","C","12/2016","112"
"23-12-2016","MHIO","24400","P","12/2016","4"
"23-12-2016","MHIO","24600","C","12/2016","47"
"23-12-2016","MHIO","24600","P","12/2016","3"
"23-12-2016","MHIO","24800","C","12/2016","60"
"23-12-2016","MHIO","24800","P","12/2016","2"
"23-12-2016","MHIO","25000","C","12/2016","79"
"23-12-2016","MHIO","25000","P","12/2016","3"
"23-12-2016","MHIO","25200","C","12/2016","47"
"23-12-2016","MHIO","25200","P","12/2016","3"
"23-12-2016","MHIO","25400","C","12/2016","28"
"23-12-2016","MHIO","25400","P","12/2016","1"
"23-12-2016","MHIO","25600","C","12/2016","52"
"23-12-2016","MHIO","25600","P","12/2016","1"
"23-12-2016","MHIO","25800","C","12/2016","25"
"23-12-2016","MHIO","25800","P","12/2016","3"
"23-12-2016","MHIO","26000","C","12/2016","60"
"23-12-2016","MHIO","26000","P","12/2016","3"
"23-12-2016","MHIO","26200","C","12/2016","7"
"23-12-2016","MHIO","26200","P","12/2016","1"
"23-12-2016","MHIO","26400","C","12/2016","10"
"23-12-2016","MHIO","26400","P","12/2016","1"
"23-12-2016","MHIO","26600","C","12/2016","6"
"23-12-2016","MHIO","26600","P","12/2016","3"
"23-12-2016","MHIO","26800","C","12/2016","9"
"23-12-2016","MHIO","26800","P","12/2016","1"
"23-12-2016","MHIO","27000","C","12/2016","29"
"23-12-2016","MHIO","27200","C","12/2016","10"
"23-12-2016","MHIO","27400","C","12/2016","1"
"23-12-2016","MHIO","28800","C","12/2016","10"
"23-12-2016","MHIO","29000","C","12/2016","1"
"23-12-2016","MHIO","14400","C","01/2017","20"
"23-12-2016","MHIO","17200","P","01/2017","1"
"23-12-2016","MHIO","18000","P","01/2017","1"
"23-12-2016","MHIO","18200","P","01/2017","1"
"23-12-2016","MHIO","18400","P","01/2017","2"
"23-12-2016","MHIO","18600","P","01/2017","1"
"23-12-2016","MHIO","18800","P","01/2017","2"
"23-12-2016","MHIO","19000","P","01/2017","25"
"23-12-2016","MHIO","19200","P","01/2017","9"
"23-12-2016","MHIO","19400","P","01/2017","13"
"23-12-2016","MHIO","19600","P","01/2017","21"
"23-12-2016","MHIO","19800","C","01/2017","1"
"23-12-2016","MHIO","19800","P","01/2017","28"
"23-12-2016","MHIO","20000","P","01/2017","59"
"23-12-2016","MHIO","20200","C","01/2017","1"
"23-12-2016","MHIO","20200","P","01/2017","43"
"23-12-2016","MHIO","20400","C","01/2017","2"
"23-12-2016","MHIO","20400","P","01/2017","117"
"23-12-2016","MHIO","20600","C","01/2017","1"
"23-12-2016","MHIO","20600","P","01/2017","86"
"23-12-2016","MHIO","20800","C","01/2017","1"
"23-12-2016","MHIO","20800","P","01/2017","85"
"23-12-2016","MHIO","21000","C","01/2017","4"
"23-12-2016","MHIO","21000","P","01/2017","238"
"23-12-2016","MHIO","21200","C","01/2017","13"
"23-12-2016","MHIO","21200","P","01/2017","522"
"23-12-2016","MHIO","21400","C","01/2017","77"
"23-12-2016","MHIO","21400","P","01/2017","250"
"23-12-2016","MHIO","21600","C","01/2017","309"
"23-12-2016","MHIO","21600","P","01/2017","327"
"23-12-2016","MHIO","21800","C","01/2017","328"
"23-12-2016","MHIO","21800","P","01/2017","97"
"23-12-2016","MHIO","22000","C","01/2017","326"
"23-12-2016","MHIO","22000","P","01/2017","120"
"23-12-2016","MHIO","22200","C","01/2017","235"
"23-12-2016","MHIO","22200","P","01/2017","145"
"23-12-2016","MHIO","22400","C","01/2017","167"
"23-12-2016","MHIO","22400","P","01/2017","99"
"23-12-2016","MHIO","22600","C","01/2017","229"
"23-12-2016","MHIO","22600","P","01/2017","64"
"23-12-2016","MHIO","22800","C","01/2017","240"
"23-12-2016","MHIO","22800","P","01/2017","90"
"23-12-2016","MHIO","23000","C","01/2017","104"
"23-12-2016","MHIO","23000","P","01/2017","46"
"23-12-2016","MHIO","23200","C","01/2017","121"
"23-12-2016","MHIO","23200","P","01/2017","39"
"23-12-2016","MHIO","23400","C","01/2017","1080"
"23-12-2016","MHIO","23400","P","01/2017","11"
"23-12-2016","MHIO","23600","C","01/2017","877"
"23-12-2016","MHIO","23600","P","01/2017","1"
"23-12-2016","MHIO","23800","C","01/2017","315"
"23-12-2016","MHIO","23800","P","01/2017","1"
"23-12-2016","MHIO","24000","C","01/2017","44"
"23-12-2016","MHIO","24000","P","01/2017","1"
"23-12-2016","MHIO","24200","C","01/2017","60"
"23-12-2016","MHIO","24400","C","01/2017","155"
"23-12-2016","MHIO","24600","C","01/2017","12"
"23-12-2016","MHIO","24600","P","01/2017","1"
"23-12-2016","MHIO","24800","C","01/2017","10"
"23-12-2016","MHIO","25000","C","01/2017","12"
"23-12-2016","MHIO","25000","P","01/2017","1"
"23-12-2016","MHIO","25200","C","01/2017","12"
"23-12-2016","MHIO","25400","C","01/2017","3"
"23-12-2016","MHIO","26000","C","01/2017","1"
"23-12-2016","MHIO","27000","C","01/2017","15"
"23-12-2016","MHIO","14000","P","03/2017","1"
"23-12-2016","MHIO","14800","P","03/2017","10"
"23-12-2016","MHIO","15000","P","03/2017","20"
"23-12-2016","MHIO","15200","P","03/2017","5"
"23-12-2016","MHIO","15400","P","03/2017","5"
"23-12-2016","MHIO","15600","P","03/2017","5"
"23-12-2016","MHIO","15800","P","03/2017","5"
"23-12-2016","MHIO","16000","C","03/2017","1"
"23-12-2016","MHIO","16000","P","03/2017","11"
"23-12-2016","MHIO","16200","C","03/2017","7"
"23-12-2016","MHIO","16200","P","03/2017","5"
"23-12-2016","MHIO","16400","C","03/2017","2"
"23-12-2016","MHIO","16600","C","03/2017","5"
"23-12-2016","MHIO","16600","P","03/2017","5"
"23-12-2016","MHIO","16800","C","03/2017","8"
"23-12-2016","MHIO","16800","P","03/2017","2"
"23-12-2016","MHIO","17000","C","03/2017","3"
"23-12-2016","MHIO","17000","P","03/2017","11"
"23-12-2016","MHIO","17200","C","03/2017","2"
"23-12-2016","MHIO","17200","P","03/2017","21"
"23-12-2016","MHIO","17400","P","03/2017","13"
"23-12-2016","MHIO","17600","C","03/2017","3"
"23-12-2016","MHIO","17600","P","03/2017","16"
"23-12-2016","MHIO","17800","C","03/2017","1"
"23-12-2016","MHIO","17800","P","03/2017","30"
"23-12-2016","MHIO","18000","C","03/2017","2"
"23-12-2016","MHIO","18000","P","03/2017","42"
"23-12-2016","MHIO","18200","P","03/2017","10"
"23-12-2016","MHIO","18400","P","03/2017","5"
"23-12-2016","MHIO","18600","C","03/2017","4"
"23-12-2016","MHIO","18600","P","03/2017","8"
"23-12-2016","MHIO","18800","C","03/2017","2"
"23-12-2016","MHIO","18800","P","03/2017","5"
"23-12-2016","MHIO","19000","C","03/2017","1"
"23-12-2016","MHIO","19000","P","03/2017","14"
"23-12-2016","MHIO","19200","P","03/2017","19"
"23-12-2016","MHIO","19400","P","03/2017","8"
"23-12-2016","MHIO","19600","C","03/2017","1"
"23-12-2016","MHIO","19600","P","03/2017","5"
"23-12-2016","MHIO","19800","C","03/2017","4"
"23-12-2016","MHIO","19800","P","03/2017","13"
"23-12-2016","MHIO","20000","C","03/2017","4"
"23-12-2016","MHIO","20000","P","03/2017","47"
"23-12-2016","MHIO","20200","C","03/2017","1"
"23-12-2016","MHIO","20200","P","03/2017","14"
"23-12-2016","MHIO","20400","C","03/2017","1"
"23-12-2016","MHIO","20400","P","03/2017","13"
"23-12-2016","MHIO","20600","C","03/2017","2"
"23-12-2016","MHIO","20600","P","03/2017","13"
"23-12-2016","MHIO","20800","P","03/2017","37"
"23-12-2016","MHIO","21000","C","03/2017","8"
"23-12-2016","MHIO","21000","P","03/2017","26"
"23-12-2016","MHIO","21200","C","03/2017","2"
"23-12-2016","MHIO","21200","P","03/2017","18"
"23-12-2016","MHIO","21400","C","03/2017","10"
"23-12-2016","MHIO","21400","P","03/2017","8"
"23-12-2016","MHIO","21600","C","03/2017","11"
"23-12-2016","MHIO","21600","P","03/2017","44"
"23-12-2016","MHIO","21800","C","03/2017","15"
"23-12-2016","MHIO","21800","P","03/2017","16"
"23-12-2016","MHIO","22000","C","03/2017","13"
"23-12-2016","MHIO","22000","P","03/2017","32"
"23-12-2016","MHIO","22200","C","03/2017","12"
"23-12-2016","MHIO","22200","P","03/2017","19"
"23-12-2016","MHIO","22400","C","03/2017","10"
"23-12-2016","MHIO","22400","P","03/2017","14"
"23-12-2016","MHIO","22600","C","03/2017","16"
"23-12-2016","MHIO","22600","P","03/2017","10"
"23-12-2016","MHIO","22800","C","03/2017","11"
"23-12-2016","MHIO","22800","P","03/2017","11"
"23-12-2016","MHIO","23000","C","03/2017","20"
"23-12-2016","MHIO","23000","P","03/2017","10"
"23-12-2016","MHIO","23200","C","03/2017","19"
"23-12-2016","MHIO","23200","P","03/2017","124"
"23-12-2016","MHIO","23400","C","03/2017","14"
"23-12-2016","MHIO","23400","P","03/2017","16"
"23-12-2016","MHIO","23600","C","03/2017","22"
"23-12-2016","MHIO","23600","P","03/2017","12"
"23-12-2016","MHIO","23800","C","03/2017","40"
"23-12-2016","MHIO","23800","P","03/2017","9"
"23-12-2016","MHIO","24000","C","03/2017","35"
"23-12-2016","MHIO","24000","P","03/2017","8"
"23-12-2016","MHIO","24200","C","03/2017","25"
"23-12-2016","MHIO","24400","C","03/2017","11"
"23-12-2016","MHIO","24600","C","03/2017","20"
"23-12-2016","MHIO","24600","P","03/2017","1"
"23-12-2016","MHIO","24800","C","03/2017","12"
"23-12-2016","MHIO","24800","P","03/2017","1"
"23-12-2016","MHIO","25000","C","03/2017","18"
"23-12-2016","MHIO","25000","P","03/2017","4"
"23-12-2016","MHIO","25200","C","03/2017","22"
"23-12-2016","MHIO","25200","P","03/2017","2"
"23-12-2016","MHIO","25400","C","03/2017","6"
"23-12-2016","MHIO","25400","P","03/2017","1"
"23-12-2016","MHIO","25600","C","03/2017","3"
"23-12-2016","MHIO","25600","P","03/2017","2"
"23-12-2016","MHIO","25800","C","03/2017","1"
"23-12-2016","MHIO","25800","P","03/2017","1"
"23-12-2016","MHIO","26000","C","03/2017","15"
"23-12-2016","MHIO","26000","P","03/2017","8"
"23-12-2016","MHIO","26200","C","03/2017","1"
"23-12-2016","MHIO","26200","P","03/2017","2"
"23-12-2016","MHIO","26400","P","03/2017","10"
"23-12-2016","MHIO","26600","P","03/2017","6"
"23-12-2016","MHIO","26800","C","03/2017","2"
"23-12-2016","MHIO","26800","P","03/2017","3"
"23-12-2016","MHIO","27000","C","03/2017","4"
"23-12-2016","MHIO","27000","P","03/2017","13"
"23-12-2016","MHIO","27200","C","03/2017","1"
"23-12-2016","MHIO","28000","C","03/2017","2"
"23-12-2016","MHIO","29000","C","03/2017","2"
"23-12-2016","MHIO","13200","P","06/2017","12"
"23-12-2016","MHIO","14200","P","06/2017","1"
"23-12-2016","MHIO","14800","P","06/2017","5"
"23-12-2016","MHIO","15000","P","06/2017","5"
"23-12-2016","MHIO","15800","P","06/2017","7"
"23-12-2016","MHIO","16000","P","06/2017","25"
"23-12-2016","MHIO","16400","C","06/2017","1"
"23-12-2016","MHIO","16400","P","06/2017","5"
"23-12-2016","MHIO","16600","P","06/2017","7"
"23-12-2016","MHIO","16800","P","06/2017","31"
"23-12-2016","MHIO","17000","P","06/2017","24"
"23-12-2016","MHIO","17200","P","06/2017","10"
"23-12-2016","MHIO","17600","P","06/2017","2"
"23-12-2016","MHIO","17800","P","06/2017","4"
"23-12-2016","MHIO","18000","P","06/2017","1"
"23-12-2016","MHIO","18400","P","06/2017","2"
"23-12-2016","MHIO","18600","P","06/2017","14"
"23-12-2016","MHIO","18800","P","06/2017","2"
"23-12-2016","MHIO","19000","P","06/2017","14"
"23-12-2016","MHIO","19200","P","06/2017","2"
"23-12-2016","MHIO","19400","P","06/2017","10"
"23-12-2016","MHIO","19600","P","06/2017","1"
"23-12-2016","MHIO","19800","P","06/2017","6"
"23-12-2016","MHIO","20000","C","06/2017","4"
"23-12-2016","MHIO","20000","P","06/2017","14"
"23-12-2016","MHIO","20200","P","06/2017","7"
"23-12-2016","MHIO","20400","C","06/2017","2"
"23-12-2016","MHIO","20600","C","06/2017","2"
"23-12-2016","MHIO","20600","P","06/2017","4"
"23-12-2016","MHIO","20800","C","06/2017","2"
"23-12-2016","MHIO","20800","P","06/2017","4"
"23-12-2016","MHIO","21000","C","06/2017","6"
"23-12-2016","MHIO","21000","P","06/2017","10"
"23-12-2016","MHIO","21200","C","06/2017","7"
"23-12-2016","MHIO","21200","P","06/2017","5"
"23-12-2016","MHIO","21400","C","06/2017","8"
"23-12-2016","MHIO","21400","P","06/2017","8"
"23-12-2016","MHIO","21600","C","06/2017","4"
"23-12-2016","MHIO","21600","P","06/2017","10"
"23-12-2016","MHIO","21800","C","06/2017","12"
"23-12-2016","MHIO","21800","P","06/2017","8"
"23-12-2016","MHIO","22000","C","06/2017","12"
"23-12-2016","MHIO","22000","P","06/2017","4"
"23-12-2016","MHIO","22200","C","06/2017","10"
"23-12-2016","MHIO","22200","P","06/2017","6"
"23-12-2016","MHIO","22400","C","06/2017","16"
"23-12-2016","MHIO","22400","P","06/2017","4"
"23-12-2016","MHIO","22600","C","06/2017","6"
"23-12-2016","MHIO","22600","P","06/2017","1"
"23-12-2016","MHIO","22800","C","06/2017","10"
"23-12-2016","MHIO","22800","P","06/2017","4"
"23-12-2016","MHIO","23000","C","06/2017","16"
"23-12-2016","MHIO","23000","P","06/2017","2"
"23-12-2016","MHIO","23200","C","06/2017","17"
"23-12-2016","MHIO","23200","P","06/2017","1"
"23-12-2016","MHIO","23400","C","06/2017","11"
"23-12-2016","MHIO","23400","P","06/2017","1"
"23-12-2016","MHIO","23600","C","06/2017","7"
"23-12-2016","MHIO","23600","P","06/2017","1"
"23-12-2016","MHIO","23800","C","06/2017","3"
"23-12-2016","MHIO","24000","C","06/2017","18"
"23-12-2016","MHIO","24200","C","06/2017","1"
"23-12-2016","MHIO","24600","C","06/2017","3"
"23-12-2016","MHIO","24800","C","06/2017","1"
"23-12-2016","MHIO","25000","C","06/2017","17"
"23-12-2016","MHIO","25000","P","06/2017","1"
"23-12-2016","MHIO","25200","C","06/2017","2"
"23-12-2016","MHIO","25400","C","06/2017","13"
"23-12-2016","MHIO","25600","C","06/2017","2"
"23-12-2016","MHIO","25800","C","06/2017","7"
"23-12-2016","MHIO","26000","C","06/2017","4"
"23-12-2016","MHIO","26200","C","06/2017","5"
"23-12-2016","MHIO","26400","C","06/2017","1"
"23-12-2016","MHIO","26600","C","06/2017","2"
"23-12-2016","MHIO","26800","C","06/2017","5"
"23-12-2016","MHIO","26800","P","06/2017","1"
"23-12-2016","MHIO","27000","C","06/2017","4"
"23-12-2016","MHIO","27000","P","06/2017","1"
"23-12-2016","MHIO","27400","C","06/2017","1"
"23-12-2016","MHIO","28000","C","06/2017","2"
"23-12-2016","MHIO","28800","C","06/2017","2"
"23-12-2016","MHIO","29200","C","06/2017","1"
"23-12-2016","MHIO","34000","C","06/2017","1"
"23-12-2016","MOI","","","12/2016","5"
"23-12-2016","MPI","","","12/2016","5"
"23-12-2016","MSB","","","03/2017","4"
"23-12-2016","MTR","","","12/2016","27"
"23-12-2016","MTR","","","01/2017","1"
"23-12-2016","MTR","","","02/2017","2"
"23-12-2016","MTR","","","03/2017","5"
"23-12-2016","MTR","","","06/2017","4"
"23-12-2016","NWD","","","12/2016","3"
"23-12-2016","NWD","","","01/2017","1"
"23-12-2016","NWD","","","02/2017","18"
"23-12-2016","PAI","","","12/2016","59"
"23-12-2016","PAI","","","01/2017","72"
"23-12-2016","PAI","","","02/2017","5"
"23-12-2016","PAI","","","03/2017","12"
"23-12-2016","PAI","","","06/2017","420"
"23-12-2016","PEC","","","12/2016","51"
"23-12-2016","PEC","","","01/2017","37"
"23-12-2016","PEC","","","02/2017","10"
"23-12-2016","PEC","","","03/2017","16"
"23-12-2016","PEC","","","06/2017","20"
"23-12-2016","PIC","","","12/2016","29"
"23-12-2016","PIC","","","01/2017","8"
"23-12-2016","PIC","","","02/2017","14"
"23-12-2016","PIC","","","03/2017","31"
"23-12-2016","SHK","","","12/2016","10"
"23-12-2016","SHK","","","01/2017","9"
"23-12-2016","SHK","","","03/2017","3"
"23-12-2016","SWA","","","12/2016","16"
"23-12-2016","SWA","","","03/2017","2"
"23-12-2016","TCH","","","12/2016","24"
"23-12-2016","TCH","","","01/2017","26"
"23-12-2016","TCH","","","02/2017","5"
"23-12-2016","TCH","","","03/2017","8"
"23-12-2016","TCH","","","06/2017","3"
"23-12-2016","UCN","","","01/2017","37"
"23-12-2016","UCN","","","02/2017","3"
"23-12-2016","UCN","","","03/2017","177"
"23-12-2016","UCN","","","06/2017","303"
"23-12-2016","UCN","","","09/2017","341"
"23-12-2016","UCN","","","12/2017","451"
"23-12-2016","UCN","","","03/2018","194"
"23-12-2016","WHL","","","12/2016","38"
"23-12-2016","WHL","","","01/2017","44"
"23-12-2016","WHL","","","02/2017","4"
"23-12-2016","WHL","","","03/2017","2"
"23-12-2016","XHHO","5500","P","12/2016","750"
"23-12-2016","XHHO","7000","P","12/2016","165"
"23-12-2016","XHHO","8600","P","12/2016","637"
"23-12-2016","XHHO","8900","P","12/2016","100"
"23-12-2016","XHHO","9000","P","12/2016","1130"
"23-12-2016","XHHO","9100","P","12/2016","430"
"23-12-2016","XHHO","10200","P","12/2016","100"
"23-12-2016","XHHO","10600","C","12/2016","637"
"23-12-2016","XHHO","11000","C","12/2016","1400"
"23-12-2016","XHHO","11000","P","12/2016","900"
"23-12-2016","XHHO","11800","C","12/2016","300"
"23-12-2016","XHHO","11800","P","12/2016","300"
"23-12-2016","XHHO","14000","C","12/2016","300"
"23-12-2016","XHHO","14000","P","12/2016","200"
"23-12-2016","XHHO","10200","C","06/2017","264"
"23-12-2016","XHHO","6400","P","12/2017","75"
"23-12-2016","XHHO","7000","P","12/2017","525"
"23-12-2016","XHHO","8600","C","12/2017","1000"
"23-12-2016","XHHO","9000","C","12/2017","2000"
"23-12-2016","XHHO","9000","P","12/2017","2000"
"23-12-2016","XHHO","9400","C","12/2017","3290"
"23-12-2016","XHHO","9400","P","12/2017","1890"
"23-12-2016","XHHO","11800","C","12/2017","886"
"23-12-2016","XHSO","21600","C","12/2016","400"
"23-12-2016","XHSO","21600","P","12/2016","400"
"23-12-2016","XHSO","22800","C","12/2016","875"
"23-12-2016","XHSO","22800","P","12/2016","1250"
"23-12-2016","XHSO","23800","C","12/2016","25"
"23-12-2016","XHSO","23800","P","12/2016","25"
"23-12-2016","YZC","","","02/2017","1"
"23-12-2016","ZJM","","","02/2017","2"
"T","2091","19-10-2017"
